file,bytes,sha256,storage_plan
runs/f6d279d3809d252a/checkpoint_step_000500.pt,140875047,f6df24672fddb3904cece729d4ecf62690b3c95f19da0e1f6c2101eb50ae803e,upload_release_then_delete_local
runs/f6d279d3809d252a/checkpoint_step_001000.pt,140904551,7f0c505b39f6e893eb49153070c84d722465f4f037bab4724905e89f4bac0138,upload_release_then_delete_local
runs/f6d279d3809d252a/checkpoint_step_001500.pt,140934055,b0a537f0df399559f7bf63ebcfd5a827e9696519119f44989b71f119e49a7495,upload_release_then_delete_local
runs/f6d279d3809d252a/checkpoint_step_002000.pt,140963559,0a888746a1991e78782b60accf47d9067f447126fbeb3311606f289cad77b45f,upload_release_then_delete_local
runs/f6d279d3809d252a/checkpoint_step_002500.pt,140993063,c99d97fc7ae03bd11ed4882c8c745c270c58bc87952eabf92b61f6a40d1cab17,upload_release_then_delete_local
runs/f6d279d3809d252a/checkpoint_step_003000.pt,141022567,040b10014208c4cdc8199d48124533a6fcfd047e48f72552443da7d825474e18,upload_release_then_delete_local
runs/f6d279d3809d252a/checkpoint_step_003500.pt,141052071,9245208c5c97b68ae0e812f2ba805cc0fcea5ab1b255095cbb10f5ae6bea9dbe,upload_release_then_delete_local
runs/f6d279d3809d252a/checkpoint_step_004000.pt,141081575,8008bcb6fd72cf5ba09c316217ecf9a37976c1fdf07627ab6daa6e0730c28071,upload_release_then_delete_local
runs/f6d279d3809d252a/checkpoint_step_004500.pt,141111079,4e3c5b05897830ad0bb43ebf9e97ab8be6e13b6d6cf4f11df7448c4dd3e00dd7,upload_release_then_delete_local
runs/f6d279d3809d252a/checkpoint_step_005000.pt,141140583,dce150659a71a01225bff038a21ddfbaa029aa55da7546b75b6bba5af7fb7954,upload_release_then_delete_local
runs/f6d279d3809d252a/checkpoint_step_005500.pt,141170087,cd4aaa1850992d8dbfa3658bb8dd89ac5a143f2f83707df0abe4ef8128d2ea9f,upload_release_then_delete_local
runs/f6d279d3809d252a/checkpoint_step_006000.pt,141199591,8a1b94844e97766bff1ce2847c87241101d99cdc6032660126e4b26b74440720,upload_release_then_delete_local
runs/f6d279d3809d252a/checkpoint_step_006500.pt,141229095,3958b0517a9be213226f0b4eccbaf99c9c785f8ac75d14a35813c5defa6c5575,upload_release_then_delete_local
runs/f6d279d3809d252a/checkpoint_step_007000.pt,141258599,2982cf81e96d1133e829134f173bed42670bdd8dc1e0c96e0bbdbdd136c9ecb0,upload_release_then_delete_local
runs/f6d279d3809d252a/checkpoint_step_007500.pt,141288103,7c43f597601b8cd686199db9c11f1383c09f996a58982129210055e806b0dcc3,upload_release_then_delete_local
runs/f6d279d3809d252a/checkpoint_step_008000.pt,141317607,fbc1b7e945eae31ee6a47e2c97ae4f4a12a7821ddb7b0a95d9e75017347b383c,upload_release_then_delete_local
runs/f6d279d3809d252a/checkpoint_step_008500.pt,141347111,f96d4011ae10d1f529917d6197bb18663f1a2c8b5b9dba74663d57fbd7cdc939,upload_release_then_delete_local
runs/f6d279d3809d252a/checkpoint_step_009000.pt,141376551,29a5d03fe0b05a68c811e8b934941a52d37366aac7fb6987f381e9c7e92f3554,upload_release_then_delete_local
runs/f6d279d3809d252a/checkpoint_step_009500.pt,141406055,79e414a68f59c26f91dbc4b63c5c3e1ed26d8fe4079370d8252a9b148bb004f6,upload_release_then_delete_local
runs/f6d279d3809d252a/checkpoint_step_010000.pt,141435559,b68a90c4db948d56ae41dc1fa7cfa195d1c989dd942bfe9beeee04db0bb64ee0,upload_release_then_delete_local
runs/f6d279d3809d252a/checkpoint_step_010500.pt,141465063,bc74d37cc77d9845cdbc5ce1c9c98ead9639fa4fbbe8910271e636de99eda92b,upload_release_then_delete_local
runs/f6d279d3809d252a/checkpoint_step_011000.pt,141494567,bc162fd1aef75f5cd4372ad5c740146dd5bd2461b850fd42ead44ba63cb728d7,upload_release_then_delete_local
runs/f6d279d3809d252a/checkpoint_step_011500.pt,141524071,4371a3fff3bb6e2237ea9cb34da772b153216be1456ef1b8103662eefc991f34,upload_release_then_delete_local
runs/f6d279d3809d252a/checkpoint_step_012000.pt,141553575,b669a40250afa5d71243c9f016f4fee3abbf8ba531f83f0298685709c9c6642a,upload_release_then_delete_local
runs/f6d279d3809d252a/checkpoint_step_012500.pt,141583079,c97a4b5c82a1e73cb67408a5bd452e69e3053af9f2ae001d79cde3af446c8e03,upload_release_then_delete_local
runs/f6d279d3809d252a/checkpoint_step_013000.pt,141612583,7181ec28d2005c899adfc483433e1fac4913d6b2422ad2bf5a777154e40a2eaf,upload_release_then_delete_local
runs/f6d279d3809d252a/checkpoint_step_013500.pt,141642087,1b7d78aab23ba3173520f489fc387384b384e9e5ed8cb8293f908d168f97793e,upload_release_then_delete_local
runs/f6d279d3809d252a/checkpoint_step_014000.pt,141671591,808453aee330e83232d04b26e839d78df29cd14ec6c2ef3cae4237af32decdd2,upload_release_then_delete_local
runs/f6d279d3809d252a/checkpoint_step_014500.pt,141701095,e933d1d7f9f40c643bc5107169ab403da8d6dd5db6ca95f2eb248324cc7f16c3,upload_release_then_delete_local
runs/f6d279d3809d252a/checkpoint_step_015000.pt,141730599,bc206c9a72a96dead2aca0ed0d858bd7e98e731a03cb9c506b9d649c9fc6723c,upload_release_then_delete_local
runs/f6d279d3809d252a/checkpoint_step_015500.pt,141760103,b240eb148ef5a236bd35f8e5c5e664edd418b725d5b48efd99ddb27d93d52885,upload_release_then_delete_local
runs/f6d279d3809d252a/checkpoint_step_016000.pt,141789607,5f9963dc0f9f520897e76f83f4db6cbc744c2ec12eb28e918a17f83cf85240c0,upload_release_then_delete_local
runs/f6d279d3809d252a/checkpoint_step_016500.pt,141819111,e26e4542c0924379e2a99ad9f969a8d43f301bd4047569e068d496af98f7c00a,upload_release_then_delete_local
runs/f6d279d3809d252a/checkpoint_step_017000.pt,141848615,a2858512546f956fcf7b844f9cbfae320382781d244043aa1123e600b8dd76a5,upload_release_then_delete_local
runs/f6d279d3809d252a/checkpoint_step_017500.pt,141878119,8d49c8fe3a84f0aa844aa7a11fd5b3266361bbb34f52fd3408ecadae1b01150d,upload_release_then_delete_local
runs/f6d279d3809d252a/checkpoint_step_018000.pt,141907623,c2aebb2cc05a041dd44fbb4a9b5d393437c4c2ba047e7f9cf47ab4645cefc563,upload_release_then_delete_local
runs/f6d279d3809d252a/checkpoint_step_018500.pt,141937127,ca102f0a7500e564f7c763952118d24d6adba5250f4a563e4922c2292ba1d71c,upload_release_then_delete_local
runs/f6d279d3809d252a/checkpoint_step_019000.pt,141966631,398972407e8b501f15792729cc331fd693a25f556f369821edc0c2b4e326b88f,upload_release_then_delete_local
runs/f6d279d3809d252a/checkpoint_step_019500.pt,141996135,726f5869f62b7b7bb8ce4649a33952407cf3e261d75e0f72cb5382e180ad049e,upload_release_then_delete_local
runs/f6d279d3809d252a/checkpoint_step_020000.pt,142025575,1485a67825bd31fc5846cc6a1bc7e3e5bb90df81881aed41e5c6d818e528051c,upload_release_then_delete_local
runs/f6d279d3809d252a/checkpoint_step_020500.pt,142055079,1deaf7f8d7bb8b6f6e29463f4e3740d3b7fa9a37ce6768e9fd9cb938938f7ebe,upload_release_then_delete_local
runs/f6d279d3809d252a/checkpoint_step_021000.pt,142084583,757c49b9b3192b5afba10f702fcb87644fb57bceb5336f50fa37c0b252844cd2,upload_release_then_delete_local
runs/f6d279d3809d252a/checkpoint_step_021500.pt,142114087,61f764bdd85e51d48809ce18d4fd35ba02e2d1fb12deb09f012c463b315bdd04,upload_release_then_delete_local
runs/f6d279d3809d252a/checkpoint_step_022000.pt,142143591,3fb80bbbda8420cb2e4cd145aabc60c791c8ce49c1e31e80e0267429a8bd0dbb,upload_release_then_delete_local
runs/f6d279d3809d252a/checkpoint_step_022500.pt,142173095,84604a80a1e92b768f89680536966b0c55b5c0cf546360c73111e1261b80ebc2,upload_release_then_delete_local
runs/f6d279d3809d252a/checkpoint_step_023000.pt,142202599,7d615306a04469f02c2bb15b5c3d790dfc5bd5efdee1d794f500014da21ac0c3,upload_release_then_delete_local
runs/f6d279d3809d252a/checkpoint_step_023500.pt,142232103,e4ddeee89d68452b4059aa1c67ce5ffa9e81001c2fc6dd0ab4489a4a77996b50,upload_release_then_delete_local
runs/f6d279d3809d252a/checkpoint_step_024000.pt,142261607,32fda8a041a9afa5e6849308a7abf29f5ebefc85954acd3de6487a1100a1d648,upload_release_then_delete_local
runs/f6d279d3809d252a/checkpoint_step_024500.pt,142291111,dc559d1b1e282603dbce7261c877559adb7cc31baf9b08b9c4be1dffcf791c95,upload_release_then_delete_local
runs/f6d279d3809d252a/checkpoint_step_025000.pt,142320615,b239b8419b9d2c8fe96b468279c55736294b81fa71523d5b5dbbd7f91672b7d9,upload_release_then_delete_local
runs/f6d279d3809d252a/checkpoint_step_025500.pt,142350119,ec67138cb5ece80f09e52ef9ea4d74ced11615befc8b8a5818623fd738f8a8b8,upload_release_then_delete_local
runs/f6d279d3809d252a/checkpoint_step_026000.pt,142379623,adc87dd58f0bdb240f66394a27f1318494d7144faae39d9bed442472e344899c,upload_release_then_delete_local
runs/f6d279d3809d252a/checkpoint_step_026500.pt,142409127,4d301d67967ed463d9973f4aeec4248d96ec1a2c7f8a09f9fcd91ce23cc48170,upload_release_then_delete_local
runs/f6d279d3809d252a/checkpoint_step_027000.pt,142438631,4366886c463ed1dbd6abb9b827444aff89b017b8bcc0abb3eabfc1a8552829d0,upload_release_then_delete_local
runs/f6d279d3809d252a/checkpoint_step_027500.pt,142468135,469e762bed411c6f9539219ab6f8c2643f7359f01300b733f979f5b4caedf20c,upload_release_then_delete_local
runs/f6d279d3809d252a/checkpoint_step_028000.pt,142497639,de7b130274f47603f076a19caaadd569010d197d3c80bbf9c0675daaa2e050a8,upload_release_then_delete_local
runs/f6d279d3809d252a/checkpoint_step_028500.pt,142527143,9d8984ba54e86f35814d031a3cfade33899f5969195e132a25db14b8cf43f52d,upload_release_then_delete_local
runs/f6d279d3809d252a/checkpoint_step_029000.pt,142556647,9f1188b593aceec01118329042dd8c02f16527e74b5eea4c9631df83deaef669,upload_release_then_delete_local
runs/f6d279d3809d252a/checkpoint_step_029500.pt,142586151,0693be2684db45587926a892d2b229a4c270b1910751c4411179530a277c77eb,upload_release_then_delete_local
runs/f6d279d3809d252a/checkpoint_step_030000.pt,142615655,8be692e06527487ce42c9f8cfc23d1538405a61a147219b241974f8c08bd8327,upload_release_then_delete_local
runs/f6d279d3809d252a/checkpoint_step_030500.pt,142645095,dec4eac8388a02a4a8321ba4477f8f8ff098b28bfc6586130c75ab51e6d4269f,upload_release_then_delete_local
runs/f6d279d3809d252a/checkpoint_step_031000.pt,142674599,51e6116443a0e8ec42916a36d3b22e6615cd0941cfe89684859a4bea735ceb52,upload_release_then_delete_local
runs/f6d279d3809d252a/checkpoint_step_031500.pt,142704103,88efd323cb27866c51bbbb0de576bf1bc98aa97cbd4955e50128c72bef076c20,upload_release_then_delete_local
runs/f6d279d3809d252a/checkpoint_step_032000.pt,142733607,7f96083d0767448a3fdf6707859a819d2359f004a78f419a49fac0629b15ead6,upload_release_then_delete_local
runs/f6d279d3809d252a/checkpoint_step_032500.pt,142763111,95f7be4a47964aed373e0ace928b4e71a929ad38daa21a48552ee06b47d4eb3f,upload_release_then_delete_local
runs/f6d279d3809d252a/checkpoint_step_033000.pt,142792615,3b9db5b6d79581d8593548aab210803af3944ba87887fb69a16c53712f386083,upload_release_then_delete_local
runs/f6d279d3809d252a/checkpoint_step_033500.pt,142822119,46647d6585f3cf41e194350d7adac59193746adfc66c7139b661603e84f0c734,upload_release_then_delete_local
runs/f6d279d3809d252a/checkpoint_step_034000.pt,142851623,eab3f8d74d3b3bba855ac1f4980c59e7cc62c03ecaf41c3c4cd46db0cce32f91,upload_release_then_delete_local
runs/f6d279d3809d252a/checkpoint_step_034500.pt,142881127,295ff6a82235f20207f48d2de7057f46364b08e7e6c55a65df3b3286cc05e936,upload_release_then_delete_local
runs/f6d279d3809d252a/checkpoint_step_035000.pt,142910631,93e54e9edf814a8b387957d6c283440536b06823c93438db22ba60de8737210f,upload_release_then_delete_local
runs/f6d279d3809d252a/checkpoint_step_035500.pt,142940135,ab6b56c97bf0110ae8913a5aefd8cda114014acb686d677325f29c31c8f6745e,upload_release_then_delete_local
runs/f6d279d3809d252a/checkpoint_step_036000.pt,142969639,3249c63ccc3afd97e6fd98afb2989d09d133dc650615d424abb2b8708c2d703b,upload_release_then_delete_local
runs/f6d279d3809d252a/checkpoint_step_036500.pt,142999143,49b4aef2d77080c20f0a33df23f8a75c728a8ef7d2899aa3af757f940bc82d56,upload_release_then_delete_local
runs/f6d279d3809d252a/checkpoint_step_037000.pt,143028647,d2e4f3d15006f9f736ba139c382dcf04939d7914779cbab9b37dfb7cfc191abc,upload_release_then_delete_local
runs/f6d279d3809d252a/checkpoint_step_037500.pt,143058151,870c282b4e32344446540f8d2740837902baec3d23c70e2e689722969ed39f8a,upload_release_then_delete_local
runs/f6d279d3809d252a/checkpoint_step_038000.pt,143087655,58e8edcfdcc139bd6327b84f01cf5505e0afc2a4e9a177e29ef47f3bf8545cc6,upload_release_then_delete_local
runs/f6d279d3809d252a/checkpoint_step_038500.pt,143117159,68d140474464691e468bb5e34e197f6cb243b8951dbad2dfbbc7e694c5ac3731,upload_release_then_delete_local
runs/f6d279d3809d252a/checkpoint_step_039000.pt,143146663,c87f4990c5bca284a53e05ef58302b6c7b45071438471d22e9a6dffe51b7b8a6,upload_release_then_delete_local
runs/f6d279d3809d252a/checkpoint_step_039500.pt,143176167,f18758274057c413e3ded82b7e444f4d121c4eb175fe7f9a4f0b07737af91312,upload_release_then_delete_local
runs/f6d279d3809d252a/checkpoint_step_040000.pt,143205671,e00aec76112046bd5968ca937199ab7e50e4f76293a34fd18b77824c1fcc0695,upload_release_then_delete_local
runs/f6d279d3809d252a/checkpoint_step_040500.pt,143235175,46c673118f9cfe4b4b9681a5f0013607ea0014dbb460fb536d0ca624674bf0ce,upload_release_then_delete_local
runs/f6d279d3809d252a/checkpoint_step_041000.pt,143264615,2320cff3935e60dc8f1cff48602a2ff31f04f68c11014fa32f2680f5a2d2c681,upload_release_then_delete_local
runs/f6d279d3809d252a/checkpoint_step_041500.pt,143294119,295016e303b6866f202f3ad69fbc8e0863e8c9813a5fe5d46e05b659a5fe57e4,upload_release_then_delete_local
runs/f6d279d3809d252a/checkpoint_step_042000.pt,143323623,4d3378e4db17556e35a9fb368e309b69f44bf261641244a0bde9fdc556fdf2a4,upload_release_then_delete_local
runs/f6d279d3809d252a/checkpoint_step_042500.pt,143353127,c20345dfcfaa2587854748a7e689dd712c4ec6de69f0cf51589fa626d829bcb2,upload_release_then_delete_local
runs/f6d279d3809d252a/checkpoint_step_043000.pt,143382631,a0f159f0792260303142c39aff1c353e50029ec0ef782366bab781abcbd62ff8,upload_release_then_delete_local
runs/f6d279d3809d252a/checkpoint_step_043500.pt,143412135,18d9f406150cd1ad506135d33af0d7ae3a73f4b56d0a002d4bc5eaf0c49add5a,upload_release_then_delete_local
runs/f6d279d3809d252a/checkpoint_step_044000.pt,143441639,3b970f16feb15e341a9a9eb05c90ee787bbb88239f209a23157ac0cf373de7c3,upload_release_then_delete_local
runs/f6d279d3809d252a/checkpoint_step_044500.pt,143471143,f44ed84bc97c78a9013a8c417b940b76f36c85bef4f73166ce526ad2f49a4d93,upload_release_then_delete_local
runs/f6d279d3809d252a/checkpoint_step_045000.pt,143500647,ecac923974f9bc354f2866ef901389a40759eaf6d8d520cce10d0507372310c7,upload_release_then_delete_local
runs/f6d279d3809d252a/checkpoint_step_045500.pt,143530151,26e27e47057abfa36ef2c5eafbb2ef0c85c20e39063dbeed7b30e2105b0096d8,upload_release_then_delete_local
runs/f6d279d3809d252a/checkpoint_step_046000.pt,143559655,d2c154c63d0f2daeecb8eda1dc9c40d15f751f9a1fd2ce19c6e6a317f24b140d,upload_release_then_delete_local
runs/f6d279d3809d252a/checkpoint_step_046500.pt,143589159,13daa89296511c21d8c5d5ebe95bc910c6ed4d14370533b0140d8b724f088df1,upload_release_then_delete_local
runs/f6d279d3809d252a/checkpoint_step_047000.pt,143618663,58b8d3e8a4986782f577f19d6eb94e7706591cebb3e15dba90c2f67a1db0722c,upload_release_then_delete_local
runs/f6d279d3809d252a/checkpoint_step_047500.pt,143648167,dddaa2c4ffec2897b7adb956bcf386349dc9e5d43fd0a78ebf2506f5915f4e28,upload_release_then_delete_local
runs/f6d279d3809d252a/checkpoint_step_048000.pt,143677671,20ef7b27a1c7596f32eb999e0aa832c3b0f5300b3ee988e5c488c15774d7478d,upload_release_then_delete_local
runs/f6d279d3809d252a/checkpoint_step_048500.pt,143707175,12239c3f8645ec700c232222d4408b88164cdabcda409661f821e40aa5a71e46,upload_release_then_delete_local
runs/f6d279d3809d252a/checkpoint_step_049000.pt,143736679,5c2895a3b6d34ae1cd1c2ad31d426eaf3811141c3df2e6567ac50031fe19bdf5,upload_release_then_delete_local
runs/f6d279d3809d252a/checkpoint_step_049500.pt,143766183,2a526d16021a204bcb2d3578cb9f6b8a18357e4d51dc9179de17a52c1385efcd,upload_release_then_delete_local
runs/f6d279d3809d252a/checkpoint_step_050000.pt,143795687,5a6a087d0203513b0ef1415e2e392506e45df0c31dee57854c75eb40251c2987,upload_release_then_delete_local
runs/f6d279d3809d252a/checkpoint_step_050500.pt,143825191,913a128dada460187ea09dd81a31637fa9740727502e2d4e81b01596720304d3,upload_release_then_delete_local
runs/f6d279d3809d252a/checkpoint_step_051000.pt,143854695,211a9f17e262a4d7531c5d97beacaf6551c60f772acf28b95846e6026d1539d7,upload_release_then_delete_local
runs/f6d279d3809d252a/checkpoint_step_051500.pt,143884199,4afc317528da1bf75eeceffcd3e945fae0a4f3539b7e26ff29e834063ded2651,upload_release_then_delete_local
runs/f6d279d3809d252a/checkpoint_step_052000.pt,143913639,a886b67363631e33e4fe4c6ee8dc5c2df1d9b9f03e41680b9f90d6fcc40aec49,upload_release_then_delete_local
runs/f6d279d3809d252a/checkpoint_step_052500.pt,143943143,fc525b380aa44dc147f418d1402d39a6282fc57e4aba636d5c99aad1aaf4ada1,upload_release_then_delete_local
runs/f6d279d3809d252a/checkpoint_step_053000.pt,143972647,e4da4efc8c1df909aa3ff3bf051d62c0ff394f21ad8807ebbbfc74509ae6a585,upload_release_then_delete_local
runs/f6d279d3809d252a/checkpoint_step_053500.pt,144002151,0f52ee886ba8df90a3e5194e3e6545db000f0555eb13cac45f3cbc557f3daccc,upload_release_then_delete_local
runs/f6d279d3809d252a/checkpoint_step_054000.pt,144031655,43400eddce90ccf97cdddaff9127475306ef5a99199297195fa4954848f9fb62,upload_release_then_delete_local
runs/f6d279d3809d252a/checkpoint_step_054500.pt,144061159,3e5c124c92746f22f99f93197525a347174a413e44b7a9b93c019093cadd621b,upload_release_then_delete_local
runs/f6d279d3809d252a/checkpoint_step_055000.pt,144090663,36fb26d6c9ada8284f6cc9209cfe78fbd20af30b0d431c83c4855631a24d062f,upload_release_then_delete_local
runs/f6d279d3809d252a/checkpoint_step_055500.pt,144120167,6b4bf9338a118645336476951c4259c1ad953004a775b8d45b17a00313af1f41,upload_release_then_delete_local
runs/f6d279d3809d252a/checkpoint_step_056000.pt,144149671,bfa756ca08415b112255c4765ac556bf5c880aa1b706e8c1ecfc61e698ff11cb,upload_release_then_delete_local
runs/f6d279d3809d252a/checkpoint_step_056500.pt,144179175,ee6c1782ddb46f80e32010516379bf8c16f046729e11aa7ae3dcfcf8a646dc58,upload_release_then_delete_local
runs/f6d279d3809d252a/checkpoint_step_057000.pt,144208679,2fcbd0ae266d7216cfe906573007cc4e7b3e05b991cef77ff30ad8469cbfea72,upload_release_then_delete_local
runs/f6d279d3809d252a/checkpoint_step_057500.pt,144238183,fd3b8f766ddd9ead0ea391e0ccd77f956e50fcc89fb5c1450c6c3cb5b72f970a,upload_release_then_delete_local
runs/f6d279d3809d252a/checkpoint_step_058000.pt,144267687,d95805d223215347e3b31940577f44808985dc47a52d2f453629ba8cf29a11b4,upload_release_then_delete_local
runs/f6d279d3809d252a/checkpoint_step_058500.pt,144297191,5979fffba1552ee33494a48ea264a31828aa8e495721a0d0522b6a4fe39d2ec9,upload_release_then_delete_local
runs/f6d279d3809d252a/checkpoint_step_059000.pt,144326695,120d0d2d3cc00e078b0d3af0bd9e6e14a0bd5a73d0af20f71194e0ce7cf136e5,upload_release_then_delete_local
runs/f6d279d3809d252a/checkpoint_step_059500.pt,144356199,a78aac70eb041adc425c7b000dbe5deaa13b23e7a1258abafdf1d18411fa6b04,upload_release_then_delete_local
runs/f6d279d3809d252a/checkpoint_step_060000.pt,144385703,650be761beef7a4cf56d670bd9709a85d42a07665ada49ec8344feb40163539c,upload_release_then_delete_local
runs/f6d279d3809d252a/checkpoint_step_060500.pt,144415207,d242ea5a20b2fe1b8bd99d536fbc0c9ffeb8b1bf6e00f6f6a2ae0d9d7884fc69,upload_release_then_delete_local
runs/f6d279d3809d252a/checkpoint_step_061000.pt,144444711,601d9ea26b2cbac57ecfc65242d4b6a35165639451d7a231dfab4dd13a78f8e3,upload_release_then_delete_local
runs/f6d279d3809d252a/checkpoint_step_061500.pt,144474215,5fd06679b38d6ac67aad1df77d66ec7fbec71124bd111eddd908832c37317ee8,upload_release_then_delete_local
runs/f6d279d3809d252a/checkpoint_step_062000.pt,144503719,8407046381ba4ded391f6a8227d1a35b3a6d05f54bfb48a3829088a111a2728c,upload_release_then_delete_local
runs/f6d279d3809d252a/checkpoint_step_062500.pt,144533159,66d634d94af6f5ff11bfb5af38493f50f220e7a31dbf394b081d8f3f8a47c1b4,upload_release_then_delete_local
runs/f6d279d3809d252a/checkpoint_step_063000.pt,144562663,d1187e94bc1bc20fcba70cb1311a264d0c5fad52380dab1c28549f57c8a07c79,upload_release_then_delete_local
runs/f6d279d3809d252a/checkpoint_step_063500.pt,144592167,155f1de8a8736c3d6cc3d83cdb9eb4e66279114ce5deb0cddb8b26dac880da33,upload_release_then_delete_local
runs/f6d279d3809d252a/checkpoint_step_064000.pt,144621671,be18e944fb39281ddcd379e7a1d51927090a902fa9b23254a7f00eee5b0aef1d,upload_release_then_delete_local
runs/f6d279d3809d252a/checkpoint_step_064500.pt,144651175,123ca3d992565f2e051bd9d62227a508839fd0c955416023f2d60d5c9a33a419,upload_release_then_delete_local
runs/f6d279d3809d252a/checkpoint_step_065000.pt,144680679,74cbd3fdaec554e1d5566b82ef8c3b288e7fd2216d8bbb6eb93f4f425fcd2d2c,upload_release_then_delete_local
runs/f6d279d3809d252a/checkpoint_step_065500.pt,144710183,bd78b86d77640875e540672522b5c8516eff07879edebd839d047fa1c91c09f4,upload_release_then_delete_local
runs/f6d279d3809d252a/checkpoint_step_066000.pt,144741543,461b5eaa26ceb75527cdecd128f79b22d9bf4e03da423b1b4e6c753a30bcb1eb,upload_release_then_delete_local
runs/f6d279d3809d252a/checkpoint_step_066500.pt,144773031,8b27b505c63f319cbc9fcc3eb54c7a9ad483ac6dfda6c3c61f24df16a41cde2b,upload_release_then_delete_local
runs/f6d279d3809d252a/checkpoint_step_067000.pt,144804583,f092133b3e431c67b0de8f27f1fe8f4dbbf471e7166142120ea22a4593bb6ab1,upload_release_then_delete_local
runs/f6d279d3809d252a/checkpoint_step_067500.pt,144836071,32ed93f0eb381f5adc0de8d592ff288896a8098ab7685f36c6f8939e796fd389,upload_release_then_delete_local
runs/f6d279d3809d252a/checkpoint_step_068000.pt,144867559,fa491aad0e335377265c6c4c22e3712163c4cebb03f7399bf3ed095515467a2d,upload_release_then_delete_local
runs/f6d279d3809d252a/checkpoint_step_068500.pt,144899047,350afbcdfc5776407f28a2464d2f8c0e51c503c1ddf296667f1ddbf7e2ef9cee,upload_release_then_delete_local
runs/f6d279d3809d252a/checkpoint_step_069000.pt,144930535,c643be89816ceaae9029562a1014b8221b507c10073448ebc0f35184389ace98,upload_release_then_delete_local
runs/f6d279d3809d252a/checkpoint_step_069500.pt,144962087,43f8abcf820e0d6c74d3f6b7ba834107fdd733e5d933cf717b7894fa80807a4e,upload_release_then_delete_local
runs/f6d279d3809d252a/checkpoint_step_070000.pt,144993575,e8cac8424c8b14aebb891cf74d3a9dd23fcedc89b2d3acfc80d8e6fff48a388e,upload_release_then_delete_local
runs/f6d279d3809d252a/checkpoint_step_070500.pt,145025063,f8c6da6f6940a7d56731ff7656f6d962fb818d3e34ec3c9306b753cb8fc85c80,upload_release_then_delete_local
runs/f6d279d3809d252a/checkpoint_step_071000.pt,145056551,680c8dfbabc747569ecc1fb23038cd05893614c0df2fc6173de5bb81468cbc8d,upload_release_then_delete_local
runs/f6d279d3809d252a/checkpoint_step_071500.pt,145088103,33854535d11e53685ddff7deb3a14ea4e375483421289c8b4564d03f814d3db6,upload_release_then_delete_local
runs/f6d279d3809d252a/checkpoint_step_072000.pt,145119591,66d820314217ad767fb8065e7f422a7bd23ffdba8aef0664b2d5783c303a8c78,upload_release_then_delete_local
runs/f6d279d3809d252a/checkpoint_step_072500.pt,145151079,87fb309126dba0c6274bb536a7f0f1727cdd9d26bf8b1048359e12e348b17800,upload_release_then_delete_local
runs/f6d279d3809d252a/checkpoint_step_073000.pt,145182567,df75a8af287b4b9e9f72906e12d7a9852d047629707a42d4c245fcc50f70889c,upload_release_then_delete_local
runs/f6d279d3809d252a/checkpoint_step_073500.pt,145214055,c7aa5af364f16aac0276062c915d2fa9c7f75a5f9dbe2c574267db8bc5f0c7f2,upload_release_then_delete_local
runs/f6d279d3809d252a/checkpoint_step_074000.pt,145245607,ad260b485b228223511d3530397ed216cc098d65017f9235500ecc3825e8d6e5,upload_release_then_delete_local
runs/f6d279d3809d252a/checkpoint_step_074500.pt,145277095,9bd9beedd4189530231da6ecc0530eb693836c4876a4b35f87a0c593d1b6aa16,upload_release_then_delete_local
runs/f6d279d3809d252a/checkpoint_step_075000.pt,145308583,6c0365d3119d0304b13bda0dd0fd3f808a1a17eb83c96edfce7932865595f309,upload_release_then_delete_local
runs/f6d279d3809d252a/checkpoint_step_075500.pt,145340071,7459649cdd425a662ebd6ebd8fd1dfd876a472d880e006d258dc22ebdec81596,upload_release_then_delete_local
runs/f6d279d3809d252a/checkpoint_step_076000.pt,145371559,ad4f1e891b295e7c55cc2c26e376e6e1b7b324c877d0c8266fe80c9eb31b379b,upload_release_then_delete_local
runs/f6d279d3809d252a/checkpoint_step_076500.pt,145403111,2d5aede6553df5cbbda422a45b4b4956e8abf4f8446dc52cbf94b402a8600419,upload_release_then_delete_local
runs/f6d279d3809d252a/checkpoint_step_077000.pt,145434599,ee18f99c72f66065016dcd07870aef76ab3696d379c73bbb5ff3d8eeb3448ea8,upload_release_then_delete_local
runs/f6d279d3809d252a/checkpoint_step_077500.pt,145466087,2554b1d4f1a3d303606a290a49c624840b24e154e9587d580a5f74d994e536dd,upload_release_then_delete_local
runs/f6d279d3809d252a/checkpoint_step_078000.pt,145497575,cf3451bd9c093e781fc9b943f19ec02a4c055ab2db28868111184840375562a0,upload_release_then_delete_local
runs/f6d279d3809d252a/checkpoint_step_078500.pt,145529063,89bf58a8cc1780f5b09f53542f12579619ccc72be03fc4aea7cdf7856bc9d26e,upload_release_then_delete_local
runs/f6d279d3809d252a/checkpoint_step_079000.pt,145560615,c19b79474ff94ffb25b00ecb527b98adc71eb413de1edc318491113de95e263e,upload_release_then_delete_local
runs/f6d279d3809d252a/checkpoint_step_079500.pt,145592103,f0ec1ac4b6baeefa26afc66e5b0a24db02e5ada57ed97934abbdd6ae85571ab9,upload_release_then_delete_local
runs/f6d279d3809d252a/checkpoint_step_080000.pt,145623591,fd991ad35305c668832cbcd3747667e818c8ccdfcb5b7fd23ba5d3f8a650fe2a,upload_release_then_delete_local
runs/f6d279d3809d252a/checkpoint_step_080500.pt,145655079,373690684465121b8bf19bed96049f2851f51afea95523df3465d07a191ee66c,upload_release_then_delete_local
runs/f6d279d3809d252a/checkpoint_step_081000.pt,145686567,bb9139b2f395fe3af3be757de82e05121c253e38c0f6612b041765b915a8418c,upload_release_then_delete_local
runs/f6d279d3809d252a/checkpoint_step_081500.pt,145718119,ffaa09ef1f70d1f2b6b96d75676df2b12dc3070b0323d0a2101ed4158b5032ad,upload_release_then_delete_local
runs/f6d279d3809d252a/checkpoint_step_082000.pt,145749607,df5a160e3e85c5c6faa61c83c5ee0fa64c1bbea092f23b23750e18663a136ec0,upload_release_then_delete_local
runs/f6d279d3809d252a/checkpoint_step_082500.pt,145781095,08a441baa60ba765a94cdeb42353680c255ee5de3239e8d27fc9114550cf20f9,upload_release_then_delete_local
runs/f6d279d3809d252a/checkpoint_step_083000.pt,145812583,dbc5943ea40a2bb2176228a8dcfa897ce140d77214d4db83ce0d7381af975688,upload_release_then_delete_local
runs/f6d279d3809d252a/checkpoint_step_083500.pt,145844071,f7b5bfa0f04b08f72ee7a59542a4c8b1152d2c8e359d34d5e77174452a276324,upload_release_then_delete_local
runs/f6d279d3809d252a/checkpoint_step_084000.pt,145875623,982ee88794907a2c595e351bd5cce24d57570606ceed62b9de466fc76024cce5,upload_release_then_delete_local
runs/f6d279d3809d252a/checkpoint_step_084500.pt,145907111,7ca97daaf545240f7be6b43593ce741c56c7a57b8d205ea6a058debd898d0c6f,upload_release_then_delete_local
runs/f6d279d3809d252a/checkpoint_step_085000.pt,145938599,37f796ebdcd1477efdc33c31cf4016ecf6744d3590073764dbf34bedb80e3fbd,upload_release_then_delete_local
runs/f6d279d3809d252a/checkpoint_step_085500.pt,145970087,0066ff33ba6afd57812092b5d529b023867a98dd8e1b83819fdbf3c12150bb7d,upload_release_then_delete_local
runs/f6d279d3809d252a/checkpoint_step_086000.pt,146001575,3cb0c69a7e8df112b6f42b0e01ca5ec12610a1e603612f1c382ebfd277309426,upload_release_then_delete_local
runs/f6d279d3809d252a/checkpoint_step_086500.pt,146033127,12a7a20df1c2e8e4eb17394125cafec38238fb78652e4c9716a9deae924ac4bf,upload_release_then_delete_local
runs/f6d279d3809d252a/checkpoint_step_087000.pt,146064615,aca904d02aec860a27d4f9bca1025d5a1c52fdb612e3fae94653430df697d533,upload_release_then_delete_local
runs/f6d279d3809d252a/checkpoint_step_087500.pt,146096103,fe77866ae204959643da6a643a907a090759944ce82d8521f4977de389853496,upload_release_then_delete_local
runs/f6d279d3809d252a/checkpoint_step_088000.pt,146127591,c6cab5d358999d7835df2fa91d01e6b25b801b63fa5f6d9ea9cbd3e6fca8afd1,upload_release_then_delete_local
runs/f6d279d3809d252a/checkpoint_step_088500.pt,146159079,4c7ee70ac678200eb208231227f01200de26b4bcb185e1725749ba5a84730af9,upload_release_then_delete_local
runs/f6d279d3809d252a/checkpoint_step_089000.pt,146190631,b3ce397693aa6f6ee5a5fcf0d108c5c0c1187845114a1773fc9f20992d8da973,upload_release_then_delete_local
runs/f6d279d3809d252a/checkpoint_step_089500.pt,146222119,f05097215780ef50d9645df54078969dc6637ba275fb55fa87a0902d48b05c42,upload_release_then_delete_local
runs/f6d279d3809d252a/checkpoint_step_090000.pt,146253607,cabdd214215b47d7864c25d3680889b79e58f225937362b4f58a9a6d87b36d68,upload_release_then_delete_local
runs/f6d279d3809d252a/checkpoint_step_090500.pt,146285095,cb76147a715b6945cdde8d621d9ec5d5640ed8e2558d71bbe4a60984ee896a88,upload_release_then_delete_local
runs/f6d279d3809d252a/checkpoint_step_091000.pt,146316583,2a3330012f7b8d1278c740d3c62096fe4f2dd6a4b85142bb407dd20d1f978daa,upload_release_then_delete_local
runs/f6d279d3809d252a/checkpoint_step_091500.pt,146348135,fcbfb208fa68ecba3d1123dab6dc728f4e596e637126106bf478e0d4f97ada7a,upload_release_then_delete_local
runs/f6d279d3809d252a/checkpoint_step_092000.pt,146379623,a36184918467dcc528dfce87c14dd1d967047562e99212ac67fff6b1f55b03e9,upload_release_then_delete_local
runs/f6d279d3809d252a/checkpoint_step_092500.pt,146411111,62e66fde3f86240ee27116977ab3061700b1dc90dee59e3e2a319b675813dc61,upload_release_then_delete_local
runs/f6d279d3809d252a/checkpoint_step_093000.pt,146442599,6b5323c05257b50f072a1668f7bcae740608bf7e8bd8a5d4cc019888ab2773e9,upload_release_then_delete_local
runs/f6d279d3809d252a/checkpoint_step_093500.pt,146474087,1a1789294c52b4cbac6e8b8e93297d3da04d544acf3755594e2881b9c58c0df1,upload_release_then_delete_local
runs/f6d279d3809d252a/checkpoint_step_094000.pt,146505639,e31ad010b896fd7996e3e39e75a9eb9049e87bcf7a36228694d2f38371a8cc5e,upload_release_then_delete_local
runs/f6d279d3809d252a/checkpoint_step_094500.pt,146537127,69aaccee2bd673efe182393ac9b2ef25243759cb1e34f513111a3735cd72afbb,upload_release_then_delete_local
runs/f6d279d3809d252a/checkpoint_step_095000.pt,146568615,a811f91a453736673f1327a1632db56d5d57d850622d6030deb3a498dec89e6b,upload_release_then_delete_local
runs/f6d279d3809d252a/checkpoint_step_095500.pt,146600103,974fdca3dad6e131c5c06b7b7bd75b1e5b3a7da9ced115aaefcd15db33cd1b4a,upload_release_then_delete_local
runs/f6d279d3809d252a/checkpoint_step_096000.pt,146631591,2d9c6781f0088c70eb973a268c495efe71839a3d1f5834c5d52de19ece8455bf,upload_release_then_delete_local
runs/f6d279d3809d252a/checkpoint_step_096500.pt,146663143,47c440f25d11e547da6b8caa26a4e531888fff85cc963b9b805e7b0f1a06f5b6,upload_release_then_delete_local
runs/f6d279d3809d252a/checkpoint_step_097000.pt,146694631,99e8afea01a1aac010ed547ef0e0f6c9c9a8b35898043626c58496932e9e8195,upload_release_then_delete_local
runs/f6d279d3809d252a/checkpoint_step_097500.pt,146726119,6d750c538416e02db225576319dd9a32a4fb4432290bd085ba53a4709e5da3a8,upload_release_then_delete_local
runs/f6d279d3809d252a/checkpoint_step_098000.pt,146757607,ee814f3436508a3653e2e1c19ea31985754ab809759c4c74320f780b897d6e11,upload_release_then_delete_local
runs/f6d279d3809d252a/checkpoint_step_098500.pt,146789095,828d84fb75ae11380b47bf594e50cfd667bd69645eb101fa9531086d42937148,upload_release_then_delete_local
runs/f6d279d3809d252a/checkpoint_step_099000.pt,146820647,e2a38220f3c6a49023e78c50992784f09d6291ff214075fdf036fa7223d8d363,upload_release_then_delete_local
runs/f6d279d3809d252a/checkpoint_step_099500.pt,146852135,dfee430812620d154260fbb7dd7e84674eff703e2482d6ef7dc304e837731b30,upload_release_then_delete_local
runs/f6d279d3809d252a/checkpoint_step_100000.pt,146883623,3466d1b8e36593c08b99af03675d1b8843a43ea78a6a59a00bd68e21e5249345,upload_release_then_delete_local
runs/f6d279d3809d252a/checkpoint_step_100500.pt,146915111,fccea7353b5b0504d2fb133edcb4d45df3bfca7f84357854f90a716d448d7f9a,upload_release_then_delete_local
runs/f6d279d3809d252a/checkpoint_step_101000.pt,146946599,fffe2e88097ab53e37629611548850e7353837770f020369fc3f2f8c826c4ab3,upload_release_then_delete_local
runs/f6d279d3809d252a/checkpoint_step_101500.pt,146978151,dce63cbfa3521b4b49d372ca09bb8ea501ab351e27302ddf26a7905821743e44,upload_release_then_delete_local
runs/f6d279d3809d252a/checkpoint_step_102000.pt,147009639,046d5c083d84c9b435ea0a9fdecb9023a01825df5caaa35f0eeb67381291cc8b,upload_release_then_delete_local
runs/f6d279d3809d252a/checkpoint_step_102500.pt,147041127,7cf576c04c6db82adfca16a85b9ceebc0b96ae8b2932af464dd47c13681b2cf1,upload_release_then_delete_local
runs/f6d279d3809d252a/checkpoint_step_103000.pt,147072615,96de18e782f51388c6a84feee9bc21b3add2e035c4cd09638406bb4ec4d4f01e,upload_release_then_delete_local
runs/f6d279d3809d252a/checkpoint_step_103500.pt,147104167,f7b13a0c568bed4b0caf2b8f7aae879116cee088e3f789f4f7fce3036054300c,upload_release_then_delete_local
runs/f6d279d3809d252a/checkpoint_step_104000.pt,147135655,4295a72b8e704b6e51851269a4d39e04922ab178ca2a9eca601e5fa0f071ac10,upload_release_then_delete_local
runs/f6d279d3809d252a/checkpoint_step_104500.pt,147167143,414663386d4467bbb75368c94fc3987d1b35cab6ce1c58923fd28a18ded58b92,upload_release_then_delete_local
runs/f6d279d3809d252a/checkpoint_step_105000.pt,147198631,9c49934acacc8952bac4ca7bf291ff04fe16c61a372d03d7cefc21693d63e073,upload_release_then_delete_local
runs/f6d279d3809d252a/checkpoint_step_105500.pt,147230119,062458f5461536797a2dab23665d9b47fe4c6d3772a9be42357d77f10958a247,upload_release_then_delete_local
runs/f6d279d3809d252a/checkpoint_step_106000.pt,147261671,c8b49b21a3a151703c52a9b22ec3d1e816311b547336a92153966c3b0b5722c0,upload_release_then_delete_local
runs/f6d279d3809d252a/checkpoint_step_106500.pt,147293159,d9c5e30cb837f2bf43129cd6a082d2598d7b5a0e3f8a50a08143204efcf01448,upload_release_then_delete_local
runs/f6d279d3809d252a/checkpoint_step_107000.pt,147324647,7b3147659cfb3341122be5c0e141b6f25edef12ed64da29eb38e933548524ac2,upload_release_then_delete_local
runs/f6d279d3809d252a/checkpoint_step_107500.pt,147356135,3a69da02890085f960952db22b6774d842c459b1363c6d645415f9de3cba13fd,upload_release_then_delete_local
runs/f6d279d3809d252a/checkpoint_step_108000.pt,147387623,9f536a0e568e8acda09096f0883b50a778f403b9790d6c5d0c72042cd3da9a2c,upload_release_then_delete_local
runs/f6d279d3809d252a/checkpoint_step_108500.pt,147419175,129d48381f583eddba52a5ed3bcd47de0bc5609d3e1df7ee85f3f79aab0e1851,upload_release_then_delete_local
runs/f6d279d3809d252a/checkpoint_step_109000.pt,147450663,8a13ab78d9ccb72427fe6adb79155596d657b0bfc08a5c2233701da9df24b8d2,upload_release_then_delete_local
runs/f6d279d3809d252a/checkpoint_step_109500.pt,147482151,c8c75ca061dba693eb35e43adb6267b6814a7aabc87e0484965ae1a20a9cbd24,upload_release_then_delete_local
runs/f6d279d3809d252a/checkpoint_step_110000.pt,147513639,bdc575f0cb354454e96b05fba591394f02f633708bf84357c7e8150322c97416,upload_release_then_delete_local
runs/f6d279d3809d252a/checkpoint_step_110500.pt,147545127,5a573d126ff69ec276146a6f7f381ff9e867ab0e6c86627bad477737f48847af,upload_release_then_delete_local
runs/f6d279d3809d252a/checkpoint_step_111000.pt,147576679,14959d8f0084fc5cc4c331efb6bac181ae70fda3d49e9cb4213ea42f25c17fb4,upload_release_then_delete_local
runs/f6d279d3809d252a/checkpoint_step_111500.pt,147608167,98c0726bf0a1329df824e0943d832901126589e565dca0a3555ee553d56077f0,upload_release_then_delete_local
runs/f6d279d3809d252a/checkpoint_step_112000.pt,147639655,12d6abb254d1aab42fdca20a8f5d75bfb24087feb00d100228bff49701b6c929,upload_release_then_delete_local
runs/f6d279d3809d252a/checkpoint_step_112500.pt,147671143,7b435f915a8b5ba95891e2e80834d4b80653fe19d458b85f10390d99dfe7a8b0,upload_release_then_delete_local
runs/f6d279d3809d252a/checkpoint_step_113000.pt,147702631,ed2d1d79b6644f07fdba6c08c1040e1be9926917e9af88248ec6ab96f9e5113b,upload_release_then_delete_local
runs/f6d279d3809d252a/checkpoint_step_113500.pt,147734183,b96662bc7ec2180331882b296d054f9dcf44aa869660ed6adeb8252617ecaf57,upload_release_then_delete_local
runs/f6d279d3809d252a/checkpoint_step_114000.pt,147765671,b96d9323de9f91cb2a443554393a98bf0d3c6393fa412451df5eef945454dceb,upload_release_then_delete_local
runs/f6d279d3809d252a/checkpoint_step_114500.pt,147797159,f50a1595c019f1c483ce4ebb645e0a6bd86de460a0123c701b0969e18353dbfb,upload_release_then_delete_local
runs/f6d279d3809d252a/checkpoint_step_115000.pt,147828647,355fc2a053b1f700f1115765acb80d357e61f5508a3b9a2ca05f9964e4910bdb,upload_release_then_delete_local
runs/f6d279d3809d252a/checkpoint_step_115500.pt,147860135,a87e13fc8eb06359fb803b58d5fb8cf39369f6d7a1aeab9a016f542482ac9af4,upload_release_then_delete_local
runs/f6d279d3809d252a/checkpoint_step_116000.pt,147891687,6cdc8691f36bc33d1d307866d0b1ff657e511afadcb4960c72f847a264c9afc2,upload_release_then_delete_local
runs/f6d279d3809d252a/checkpoint_step_116500.pt,147923175,65b3cb26b896efb5714a2e56b3909225b7b393e4a6cba6c2b688a6ef24e3318f,upload_release_then_delete_local
runs/f6d279d3809d252a/checkpoint_step_117000.pt,147954663,62b16cc3dcc1999458081961ed9e0cf77775e7b537e8b64be5b125cabb7a3446,upload_release_then_delete_local
runs/f6d279d3809d252a/checkpoint_step_117500.pt,147986151,f19e0971d3b9034a6bdb8790ecba486aff590d424f94cb09e5d0fda353954ced,upload_release_then_delete_local
runs/f6d279d3809d252a/checkpoint_step_118000.pt,148017639,262573a33128eaf11bc47655ab00bb0fa1f13a4e2fae645fe1533704231d462e,upload_release_then_delete_local
runs/f6d279d3809d252a/checkpoint_step_118500.pt,148049191,c6b63eed6b5739819e4976e517021f3adf7a5387789a13111eae4839a24e1ed4,upload_release_then_delete_local
runs/f6d279d3809d252a/checkpoint_step_119000.pt,148080679,c0b4a3af811da2c19cb6d9a332d214e727a513f953bedf305611babc7432efb6,upload_release_then_delete_local
runs/f6d279d3809d252a/checkpoint_step_119500.pt,148112167,bf6ae07b72e5e31ae382b189d61cc0b679f702ae035c87029ac9addc98587e65,upload_release_then_delete_local
runs/f6d279d3809d252a/checkpoint_step_120000.pt,148143655,57930d29dedbb75f668eb8adced850881320e50235a772acfeefb48938876b66,upload_release_then_delete_local
runs/f6d279d3809d252a/checkpoint_step_120500.pt,148175143,0a0f34845b58b122675786bf25b960240b4e0c9cfc127cf3fb997b5358356207,upload_release_then_delete_local
runs/f6d279d3809d252a/checkpoint_step_121000.pt,148206695,43985aa5ecc026e8a11292d34ac13d87d89d5fa0366ff85bc934cacb5e0b7640,upload_release_then_delete_local
runs/f6d279d3809d252a/checkpoint_step_121500.pt,148238183,c48f28e54b14df2867f297dbc4dbe50e220541cdcefbfed5cc6ab29c16a95d67,upload_release_then_delete_local
runs/f6d279d3809d252a/checkpoint_step_122000.pt,148269671,1522ac730bbb3d13b6775619022c281926aca1ffd1290bdbeda5a11b632828bf,upload_release_then_delete_local
runs/f6d279d3809d252a/checkpoint_step_122500.pt,148301159,d487970603941323c7751e40af530ceb6a6844b61c2240f4ee105744b8d528c2,upload_release_then_delete_local
runs/f6d279d3809d252a/checkpoint_step_123000.pt,148332647,d0199fdd2610aed87f714c383e09fa4b81b152afe4f16b23a0a7918fa3b79d4f,upload_release_then_delete_local
runs/f6d279d3809d252a/checkpoint_step_123500.pt,148364199,f1f834b50023d8aed46c2fde469515f1aa69128b3ddb2d01850e448fed2f5e5e,upload_release_then_delete_local
runs/f6d279d3809d252a/checkpoint_step_124000.pt,148395687,a67db1ccd9a8c17e525724e1f8d2ce323ddca1d356afb54aed31a506f3ccae43,upload_release_then_delete_local
runs/f6d279d3809d252a/checkpoint_step_124500.pt,148427175,0a836c7e62aabef7eb7906634905e76154f8ef62e851bb858615e649e263267d,upload_release_then_delete_local
runs/f6d279d3809d252a/checkpoint_step_125000.pt,148458663,b5e86ff87ea8a468aa73dbd36eda6cef746b2cc5ae38ecb9a740502570efd92a,upload_release_then_delete_local
runs/f6d279d3809d252a/checkpoint_step_125500.pt,148490151,e9effbf037ec882148cbd5477eb15aad9e54fa3275ac0f0bf93848e6ba3613cf,upload_release_then_delete_local
runs/f6d279d3809d252a/checkpoint_step_126000.pt,148521703,0815567ba05a2748d6fe05c05cc589e3a1f98a1e750739cd048a647d31f39ed6,upload_release_then_delete_local
runs/f6d279d3809d252a/checkpoint_step_126500.pt,148553191,b7e8116fd70a0eb7b4333e128ff2f5cdcf9278725411ae5d20b8dab00cce260b,upload_release_then_delete_local
runs/f6d279d3809d252a/checkpoint_step_127000.pt,148584679,e23f287f4f3dbd807011cc3e2a1ea6d3834c8333ba52a839db270ef2fe5adce6,upload_release_then_delete_local
runs/f6d279d3809d252a/checkpoint_step_127500.pt,148616167,96e62de91fde66166fadf900dad2a74c33ee8d8807b5a800f047e45e45c13550,upload_release_then_delete_local
runs/f6d279d3809d252a/checkpoint_step_128000.pt,148647655,7d2b38ba0c59725c1affa17aff51c272e1b25c106874b5ca862de884d983e4dc,upload_release_then_delete_local
runs/f6d279d3809d252a/checkpoint_step_128500.pt,148679207,6389f082bd645bb2a8002855b2136b2e0273fa4a5cfac4026257fce97ce7dbf1,upload_release_then_delete_local
runs/f6d279d3809d252a/checkpoint_step_129000.pt,148710695,adfe7732b8c07f76c1195d3b1020ec84bc42160bf3fda50bb0ea0cde5d18560d,upload_release_then_delete_local
runs/f6d279d3809d252a/checkpoint_step_129500.pt,148742183,4db7d0d54d2b30eaeb165696e950f04015a4c6ab83b49ed8cb5c8c82c4773299,upload_release_then_delete_local
runs/f6d279d3809d252a/checkpoint_step_130000.pt,148773671,3d55e4c82b1267e959a05cfe720ba6f545d4242468fd86309bbfc3e0141f2f69,upload_release_then_delete_local
runs/f6d279d3809d252a/checkpoint_step_130500.pt,148805159,cdd6d6dffbde69598b183e13c194127a3ed85154350ddcc65046f6146422a0ae,upload_release_then_delete_local
runs/f6d279d3809d252a/checkpoint_step_131000.pt,148836711,c471e102250cf0eaa091f00732c84b984863d2f1f9e7b55537fce4e1ce73d4c4,upload_release_then_delete_local
runs/f6d279d3809d252a/checkpoint_step_131500.pt,148868199,c9d669388f5450a126089f360192aa4563573e7d37c40b9c9d9ed24dafe35524,upload_release_then_delete_local
runs/f6d279d3809d252a/checkpoint_step_132000.pt,148899687,609d8b75f7237d8b14c4d31ea25d274f76e5b21bccdb589cdfe9178dd5b84ae6,upload_release_then_delete_local
runs/f6d279d3809d252a/checkpoint_step_132500.pt,148931175,f8d965d04d6727ab48b2ed47dc8be51b38934226a9407dcca75eb8bca7f96618,upload_release_then_delete_local
runs/f6d279d3809d252a/checkpoint_step_133000.pt,148962663,6337a3e6c13e877e0c0e7f4a34f8aa8a6fa4063b3c090b174244d410150fa3d0,upload_release_then_delete_local
runs/f6d279d3809d252a/checkpoint_step_133500.pt,148994215,870f4b23ce3922446d8660f428140a1ffe5d13a171f0939e13a1ac1b82406eb6,upload_release_then_delete_local
runs/f6d279d3809d252a/checkpoint_step_134000.pt,149025703,63320d94bc68eb9eef69fe0e5c34bc8dca9d891a6075384ea09c67cc821bec21,upload_release_then_delete_local
runs/f6d279d3809d252a/checkpoint_step_134500.pt,149057191,22b09cd32e4d53c27e7d80f6b8f917271d54f83dd6f37934f3142b60106d9bc1,upload_release_then_delete_local
runs/f6d279d3809d252a/checkpoint_step_135000.pt,149088679,398ead3191d500436542d0a6a00b6d28eeb66799e097c530777ef5c3105eff84,upload_release_then_delete_local
runs/f6d279d3809d252a/checkpoint_step_135500.pt,149120231,3166d9e9a7e5310d951087c92cf323d0c3c1ca42dae35e9b2b0ec6397970d494,upload_release_then_delete_local
runs/f6d279d3809d252a/checkpoint_step_136000.pt,149151719,bdd68013966bb6e88ee201a2749f7cd5a6bd91bdf7bbfd2dc0460b94fa9ce402,upload_release_then_delete_local
runs/f6d279d3809d252a/checkpoint_step_136500.pt,149183207,13cf16fd3045c0d5be8c976ec469e0af2af87909acd977cfe1ccd7a0770e7d2e,upload_release_then_delete_local
runs/f6d279d3809d252a/checkpoint_step_137000.pt,149214695,b4a585e7fbf645401ed8d47b47b9509dfe1c15dac304abeb6e352b76c4f3c37d,upload_release_then_delete_local
runs/f6d279d3809d252a/checkpoint_step_137500.pt,149246183,d62874e52cc10ad2167be4d0154c0b28d228cb3bebd837b77b80e69f51f9b415,upload_release_then_delete_local
runs/f6d279d3809d252a/checkpoint_step_138000.pt,149277735,c372ff983a30f43b31d28a53634d00821119edea4f0dcda8b71777d9ae613c49,upload_release_then_delete_local
runs/f6d279d3809d252a/checkpoint_step_138500.pt,149309223,9290ee1454e93a6398dc4e7e2c0c3c29ced970a387fbb310df6956b6ded1585a,upload_release_then_delete_local
runs/f6d279d3809d252a/checkpoint_step_139000.pt,149340711,84d926cc6e1d2d5218713ad5e522fb23e9094175c0368bc23019e04229814c16,upload_release_then_delete_local
runs/f6d279d3809d252a/checkpoint_step_139500.pt,149372199,91f0998cf65109ec17a731b5aae787799277ef24bf7b12e7d582e295f9782650,upload_release_then_delete_local
runs/f6d279d3809d252a/checkpoint_step_140000.pt,149403687,4f987d8bd39a86385546b397f85b8581bbfb4d10137b49e65aa5b6fe9d7d3513,upload_release_then_delete_local
runs/f6d279d3809d252a/checkpoint_step_140500.pt,149435239,0bb729ade2aa4461587350fc1e266d7f7f46f54383bd7e4b8a244ecacfa493f5,upload_release_then_delete_local
runs/f6d279d3809d252a/checkpoint_step_141000.pt,149466727,b8a2697fc3025e9565ad401c57d260c20e5550cdc71528c71093a10062836a1d,upload_release_then_delete_local
runs/f6d279d3809d252a/checkpoint_step_141500.pt,149498215,67ed0a94c3e1d2d94954054d12c71c7759714abe6b93577c5b04795f1aabd74f,upload_release_then_delete_local
runs/f6d279d3809d252a/checkpoint_step_142000.pt,149529703,81ce9c51cb824b4b51bcb0ad625a273937399f7421d275c3d8bb8b890e126a13,upload_release_then_delete_local
runs/f6d279d3809d252a/checkpoint_step_142500.pt,149561191,2694327ed4c5d054afd8ee284738b95830ac6d309fdc7dd620bc5fb790f7753c,upload_release_then_delete_local
runs/f6d279d3809d252a/checkpoint_step_143000.pt,149592743,939519545b57efd28a82ffa0fea1452bc1f49934d43d75bba598862c25f00616,upload_release_then_delete_local
runs/f6d279d3809d252a/checkpoint_step_143500.pt,149624231,e0b86684941d01d265ce609bbfcf86627b4ee084d39538afb2de9050e8e0d97d,upload_release_then_delete_local
runs/f6d279d3809d252a/checkpoint_step_144000.pt,149655719,1a68da53a376e01926113cf28239d1f005f1d40f530bbf4215aa837655072865,upload_release_then_delete_local
runs/f6d279d3809d252a/checkpoint_step_144500.pt,149687207,f28adb7628aebb63502f4516d65a80dcf4a6e6d4a38638570bcf282d754eaafc,upload_release_then_delete_local
runs/f6d279d3809d252a/checkpoint_step_145000.pt,149718695,170ebab444ce6fa352529ca4150b0c90acd50976201eefc3aec6185d987201f1,upload_release_then_delete_local
runs/f6d279d3809d252a/checkpoint_step_145500.pt,149750247,587aed7085e926f714468454157fa78fc8633ae7f5e7588aa4a45bcffb0075c6,upload_release_then_delete_local
runs/f6d279d3809d252a/checkpoint_step_146000.pt,149781735,6a88d3b6fa43a45c8b6f793734b3d37936f445d9df129e939632220417f39216,upload_release_then_delete_local
runs/f6d279d3809d252a/checkpoint_step_146500.pt,149813223,51d8f2de1bc90311e887f025e01addde6bd4295d7d42f3594ffb2d67c5521842,upload_release_then_delete_local
runs/f6d279d3809d252a/checkpoint_step_147000.pt,149844711,4a3fc350af937f7d334ab55f13fe47413bfd2590b33907c3880651d289f755fc,upload_release_then_delete_local
runs/f6d279d3809d252a/checkpoint_step_147500.pt,149876199,6f234fa7f461558b6150edabe1dc322fff15f1e6ae2fce1f796bd5fc81c6dfcf,upload_release_then_delete_local
runs/f6d279d3809d252a/checkpoint_step_148000.pt,149907751,78866731253827cc50391f3ef908cc544664f7257f5bea271978f773d3fbfca0,upload_release_then_delete_local
runs/f6d279d3809d252a/checkpoint_step_148500.pt,149939239,1d664a77fbf6af2903fcda2ac0ac481d5c02e38f6b72e3ddc5b02964eee0b6f9,upload_release_then_delete_local
runs/f6d279d3809d252a/checkpoint_step_149000.pt,149970727,213f7c88f6b7ebecdd6fbf8ba11a9a51f9b295be171c8f1e11b8f07c369fb27a,upload_release_then_delete_local
runs/f6d279d3809d252a/checkpoint_step_149500.pt,150002215,6ffc27dfbcf4ffd2b43d94f82f8ec426646a801a7d78b3001e352c9fd75a1c53,keep_local_latest_two
runs/f6d279d3809d252a/checkpoint_step_150000.pt,150033703,61e2cb61907d7e2ebbb61c7c77e8f7383c71617a7ecdfafefdb0c2039e260295,keep_local_latest_two
