timestamp_utc,file,bytes,action,release
2026-07-05T14:19:53Z,runs/f6d279d3809d252a/checkpoint_step_000500.pt,140875047,uploaded_then_deleted_local,wm-checkpoints-f6d279d3809d252a
2026-07-05T14:20:39Z,runs/f6d279d3809d252a/checkpoint_step_001000.pt,140904551,uploaded_then_deleted_local,wm-checkpoints-f6d279d3809d252a
2026-07-05T14:26:31Z,runs/f6d279d3809d252a/checkpoint_step_001500.pt,140934055,uploaded_then_deleted_local,wm-checkpoints-f6d279d3809d252a
2026-07-05T14:27:27Z,runs/f6d279d3809d252a/checkpoint_step_002000.pt,140963559,uploaded_then_deleted_local,wm-checkpoints-f6d279d3809d252a
2026-07-05T14:25:54Z,runs/f6d279d3809d252a/checkpoint_step_002500.pt,140993063,uploaded_then_deleted_local,wm-checkpoints-f6d279d3809d252a
2026-07-05T14:27:44Z,runs/f6d279d3809d252a/checkpoint_step_003000.pt,141022567,uploaded_then_deleted_local,wm-checkpoints-f6d279d3809d252a
2026-07-05T14:27:42Z,runs/f6d279d3809d252a/checkpoint_step_003500.pt,141052071,uploaded_then_deleted_local,wm-checkpoints-f6d279d3809d252a
2026-07-05T14:32:16Z,runs/f6d279d3809d252a/checkpoint_step_004000.pt,141081575,uploaded_then_deleted_local,wm-checkpoints-f6d279d3809d252a
2026-07-05T14:31:31Z,runs/f6d279d3809d252a/checkpoint_step_004500.pt,141111079,uploaded_then_deleted_local,wm-checkpoints-f6d279d3809d252a
2026-07-05T14:33:17Z,runs/f6d279d3809d252a/checkpoint_step_005000.pt,141140583,uploaded_then_deleted_local,wm-checkpoints-f6d279d3809d252a
2026-07-05T14:31:40Z,runs/f6d279d3809d252a/checkpoint_step_005500.pt,141170087,uploaded_then_deleted_local,wm-checkpoints-f6d279d3809d252a
2026-07-05T14:33:51Z,runs/f6d279d3809d252a/checkpoint_step_006000.pt,141199591,uploaded_then_deleted_local,wm-checkpoints-f6d279d3809d252a
2026-07-05T14:33:50Z,runs/f6d279d3809d252a/checkpoint_step_006500.pt,141229095,uploaded_then_deleted_local,wm-checkpoints-f6d279d3809d252a
2026-07-05T14:34:17Z,runs/f6d279d3809d252a/checkpoint_step_007000.pt,141258599,uploaded_then_deleted_local,wm-checkpoints-f6d279d3809d252a
2026-07-05T14:35:06Z,runs/f6d279d3809d252a/checkpoint_step_007500.pt,141288103,uploaded_then_deleted_local,wm-checkpoints-f6d279d3809d252a
2026-07-05T14:35:59Z,runs/f6d279d3809d252a/checkpoint_step_008000.pt,141317607,uploaded_then_deleted_local,wm-checkpoints-f6d279d3809d252a
2026-07-05T14:43:36Z,runs/f6d279d3809d252a/checkpoint_step_008500.pt,141347111,uploaded_then_deleted_local,wm-checkpoints-f6d279d3809d252a
2026-07-05T14:36:45Z,runs/f6d279d3809d252a/checkpoint_step_009000.pt,141376551,uploaded_then_deleted_local,wm-checkpoints-f6d279d3809d252a
2026-07-05T14:37:52Z,runs/f6d279d3809d252a/checkpoint_step_009500.pt,141406055,uploaded_then_deleted_local,wm-checkpoints-f6d279d3809d252a
2026-07-05T14:37:42Z,runs/f6d279d3809d252a/checkpoint_step_010000.pt,141435559,uploaded_then_deleted_local,wm-checkpoints-f6d279d3809d252a
2026-07-05T14:39:01Z,runs/f6d279d3809d252a/checkpoint_step_010500.pt,141465063,uploaded_then_deleted_local,wm-checkpoints-f6d279d3809d252a
2026-07-05T14:39:20Z,runs/f6d279d3809d252a/checkpoint_step_011000.pt,141494567,uploaded_then_deleted_local,wm-checkpoints-f6d279d3809d252a
2026-07-05T14:40:34Z,runs/f6d279d3809d252a/checkpoint_step_011500.pt,141524071,uploaded_then_deleted_local,wm-checkpoints-f6d279d3809d252a
2026-07-05T14:41:21Z,runs/f6d279d3809d252a/checkpoint_step_012000.pt,141553575,uploaded_then_deleted_local,wm-checkpoints-f6d279d3809d252a
2026-07-05T14:42:40Z,runs/f6d279d3809d252a/checkpoint_step_012500.pt,141583079,uploaded_then_deleted_local,wm-checkpoints-f6d279d3809d252a
2026-07-05T14:43:40Z,runs/f6d279d3809d252a/checkpoint_step_013000.pt,141612583,uploaded_then_deleted_local,wm-checkpoints-f6d279d3809d252a
2026-07-05T14:43:56Z,runs/f6d279d3809d252a/checkpoint_step_013500.pt,141642087,uploaded_then_deleted_local,wm-checkpoints-f6d279d3809d252a
2026-07-05T14:45:51Z,runs/f6d279d3809d252a/checkpoint_step_014000.pt,141671591,uploaded_then_deleted_local,wm-checkpoints-f6d279d3809d252a
2026-07-05T14:47:17Z,runs/f6d279d3809d252a/checkpoint_step_014500.pt,141701095,uploaded_then_deleted_local,wm-checkpoints-f6d279d3809d252a
2026-07-05T14:47:04Z,runs/f6d279d3809d252a/checkpoint_step_015000.pt,141730599,uploaded_then_deleted_local,wm-checkpoints-f6d279d3809d252a
2026-07-05T14:46:22Z,runs/f6d279d3809d252a/checkpoint_step_015500.pt,141760103,uploaded_then_deleted_local,wm-checkpoints-f6d279d3809d252a
2026-07-05T14:47:52Z,runs/f6d279d3809d252a/checkpoint_step_016000.pt,141789607,uploaded_then_deleted_local,wm-checkpoints-f6d279d3809d252a
2026-07-05T14:49:15Z,runs/f6d279d3809d252a/checkpoint_step_016500.pt,141819111,uploaded_then_deleted_local,wm-checkpoints-f6d279d3809d252a
2026-07-05T14:49:06Z,runs/f6d279d3809d252a/checkpoint_step_017000.pt,141848615,uploaded_then_deleted_local,wm-checkpoints-f6d279d3809d252a
2026-07-05T14:50:12Z,runs/f6d279d3809d252a/checkpoint_step_017500.pt,141878119,uploaded_then_deleted_local,wm-checkpoints-f6d279d3809d252a
2026-07-05T14:51:14Z,runs/f6d279d3809d252a/checkpoint_step_018000.pt,141907623,uploaded_then_deleted_local,wm-checkpoints-f6d279d3809d252a
2026-07-05T14:51:42Z,runs/f6d279d3809d252a/checkpoint_step_018500.pt,141937127,uploaded_then_deleted_local,wm-checkpoints-f6d279d3809d252a
2026-07-05T14:51:16Z,runs/f6d279d3809d252a/checkpoint_step_019000.pt,141966631,uploaded_then_deleted_local,wm-checkpoints-f6d279d3809d252a
2026-07-05T14:53:08Z,runs/f6d279d3809d252a/checkpoint_step_019500.pt,141996135,uploaded_then_deleted_local,wm-checkpoints-f6d279d3809d252a
2026-07-05T14:53:03Z,runs/f6d279d3809d252a/checkpoint_step_020000.pt,142025575,uploaded_then_deleted_local,wm-checkpoints-f6d279d3809d252a
2026-07-05T14:53:25Z,runs/f6d279d3809d252a/checkpoint_step_020500.pt,142055079,uploaded_then_deleted_local,wm-checkpoints-f6d279d3809d252a
2026-07-05T14:53:42Z,runs/f6d279d3809d252a/checkpoint_step_021000.pt,142084583,uploaded_then_deleted_local,wm-checkpoints-f6d279d3809d252a
2026-07-05T14:57:15Z,runs/f6d279d3809d252a/checkpoint_step_021500.pt,142114087,uploaded_then_deleted_local,wm-checkpoints-f6d279d3809d252a
2026-07-05T14:55:22Z,runs/f6d279d3809d252a/checkpoint_step_022000.pt,142143591,uploaded_then_deleted_local,wm-checkpoints-f6d279d3809d252a
2026-07-05T14:55:47Z,runs/f6d279d3809d252a/checkpoint_step_022500.pt,142173095,uploaded_then_deleted_local,wm-checkpoints-f6d279d3809d252a
2026-07-05T14:56:11Z,runs/f6d279d3809d252a/checkpoint_step_023000.pt,142202599,uploaded_then_deleted_local,wm-checkpoints-f6d279d3809d252a
2026-07-05T14:57:24Z,runs/f6d279d3809d252a/checkpoint_step_023500.pt,142232103,uploaded_then_deleted_local,wm-checkpoints-f6d279d3809d252a
2026-07-05T14:58:20Z,runs/f6d279d3809d252a/checkpoint_step_024000.pt,142261607,uploaded_then_deleted_local,wm-checkpoints-f6d279d3809d252a
2026-07-05T14:59:17Z,runs/f6d279d3809d252a/checkpoint_step_024500.pt,142291111,uploaded_then_deleted_local,wm-checkpoints-f6d279d3809d252a
2026-07-05T15:00:00Z,runs/f6d279d3809d252a/checkpoint_step_025000.pt,142320615,uploaded_then_deleted_local,wm-checkpoints-f6d279d3809d252a
2026-07-05T14:59:57Z,runs/f6d279d3809d252a/checkpoint_step_025500.pt,142350119,uploaded_then_deleted_local,wm-checkpoints-f6d279d3809d252a
2026-07-05T15:01:03Z,runs/f6d279d3809d252a/checkpoint_step_026000.pt,142379623,uploaded_then_deleted_local,wm-checkpoints-f6d279d3809d252a
2026-07-05T15:02:33Z,runs/f6d279d3809d252a/checkpoint_step_026500.pt,142409127,uploaded_then_deleted_local,wm-checkpoints-f6d279d3809d252a
2026-07-05T15:03:12Z,runs/f6d279d3809d252a/checkpoint_step_027000.pt,142438631,uploaded_then_deleted_local,wm-checkpoints-f6d279d3809d252a
2026-07-05T15:03:00Z,runs/f6d279d3809d252a/checkpoint_step_027500.pt,142468135,uploaded_then_deleted_local,wm-checkpoints-f6d279d3809d252a
2026-07-05T15:05:02Z,runs/f6d279d3809d252a/checkpoint_step_028000.pt,142497639,uploaded_then_deleted_local,wm-checkpoints-f6d279d3809d252a
2026-07-05T15:04:38Z,runs/f6d279d3809d252a/checkpoint_step_028500.pt,142527143,uploaded_then_deleted_local,wm-checkpoints-f6d279d3809d252a
2026-07-05T15:05:10Z,runs/f6d279d3809d252a/checkpoint_step_029000.pt,142556647,uploaded_then_deleted_local,wm-checkpoints-f6d279d3809d252a
2026-07-05T15:05:14Z,runs/f6d279d3809d252a/checkpoint_step_029500.pt,142586151,uploaded_then_deleted_local,wm-checkpoints-f6d279d3809d252a
2026-07-05T15:07:27Z,runs/f6d279d3809d252a/checkpoint_step_030000.pt,142615655,uploaded_then_deleted_local,wm-checkpoints-f6d279d3809d252a
2026-07-05T15:07:53Z,runs/f6d279d3809d252a/checkpoint_step_030500.pt,142645095,uploaded_then_deleted_local,wm-checkpoints-f6d279d3809d252a
2026-07-05T15:08:17Z,runs/f6d279d3809d252a/checkpoint_step_031000.pt,142674599,uploaded_then_deleted_local,wm-checkpoints-f6d279d3809d252a
2026-07-05T15:08:06Z,runs/f6d279d3809d252a/checkpoint_step_031500.pt,142704103,uploaded_then_deleted_local,wm-checkpoints-f6d279d3809d252a
2026-07-05T15:09:50Z,runs/f6d279d3809d252a/checkpoint_step_032000.pt,142733607,uploaded_then_deleted_local,wm-checkpoints-f6d279d3809d252a
2026-07-05T15:10:31Z,runs/f6d279d3809d252a/checkpoint_step_032500.pt,142763111,uploaded_then_deleted_local,wm-checkpoints-f6d279d3809d252a
2026-07-05T15:10:34Z,runs/f6d279d3809d252a/checkpoint_step_033000.pt,142792615,uploaded_then_deleted_local,wm-checkpoints-f6d279d3809d252a
2026-07-05T15:10:45Z,runs/f6d279d3809d252a/checkpoint_step_033500.pt,142822119,uploaded_then_deleted_local,wm-checkpoints-f6d279d3809d252a
2026-07-05T15:12:07Z,runs/f6d279d3809d252a/checkpoint_step_034000.pt,142851623,uploaded_then_deleted_local,wm-checkpoints-f6d279d3809d252a
2026-07-05T15:13:02Z,runs/f6d279d3809d252a/checkpoint_step_034500.pt,142881127,uploaded_then_deleted_local,wm-checkpoints-f6d279d3809d252a
2026-07-05T15:13:06Z,runs/f6d279d3809d252a/checkpoint_step_035000.pt,142910631,uploaded_then_deleted_local,wm-checkpoints-f6d279d3809d252a
2026-07-05T15:13:24Z,runs/f6d279d3809d252a/checkpoint_step_035500.pt,142940135,uploaded_then_deleted_local,wm-checkpoints-f6d279d3809d252a
2026-07-05T15:15:08Z,runs/f6d279d3809d252a/checkpoint_step_036000.pt,142969639,uploaded_then_deleted_local,wm-checkpoints-f6d279d3809d252a
2026-07-05T15:16:04Z,runs/f6d279d3809d252a/checkpoint_step_036500.pt,142999143,uploaded_then_deleted_local,wm-checkpoints-f6d279d3809d252a
2026-07-05T15:15:51Z,runs/f6d279d3809d252a/checkpoint_step_037000.pt,143028647,uploaded_then_deleted_local,wm-checkpoints-f6d279d3809d252a
2026-07-05T15:16:11Z,runs/f6d279d3809d252a/checkpoint_step_037500.pt,143058151,uploaded_then_deleted_local,wm-checkpoints-f6d279d3809d252a
2026-07-05T15:18:10Z,runs/f6d279d3809d252a/checkpoint_step_038000.pt,143087655,uploaded_then_deleted_local,wm-checkpoints-f6d279d3809d252a
2026-07-05T15:18:52Z,runs/f6d279d3809d252a/checkpoint_step_038500.pt,143117159,uploaded_then_deleted_local,wm-checkpoints-f6d279d3809d252a
2026-07-05T15:18:48Z,runs/f6d279d3809d252a/checkpoint_step_039000.pt,143146663,uploaded_then_deleted_local,wm-checkpoints-f6d279d3809d252a
2026-07-05T15:18:55Z,runs/f6d279d3809d252a/checkpoint_step_039500.pt,143176167,uploaded_then_deleted_local,wm-checkpoints-f6d279d3809d252a
2026-07-05T15:20:32Z,runs/f6d279d3809d252a/checkpoint_step_040000.pt,143205671,uploaded_then_deleted_local,wm-checkpoints-f6d279d3809d252a
2026-07-05T15:21:19Z,runs/f6d279d3809d252a/checkpoint_step_040500.pt,143235175,uploaded_then_deleted_local,wm-checkpoints-f6d279d3809d252a
2026-07-05T15:21:13Z,runs/f6d279d3809d252a/checkpoint_step_041000.pt,143264615,uploaded_then_deleted_local,wm-checkpoints-f6d279d3809d252a
2026-07-05T15:21:15Z,runs/f6d279d3809d252a/checkpoint_step_041500.pt,143294119,uploaded_then_deleted_local,wm-checkpoints-f6d279d3809d252a
2026-07-05T15:22:39Z,runs/f6d279d3809d252a/checkpoint_step_042000.pt,143323623,uploaded_then_deleted_local,wm-checkpoints-f6d279d3809d252a
2026-07-05T15:23:22Z,runs/f6d279d3809d252a/checkpoint_step_042500.pt,143353127,uploaded_then_deleted_local,wm-checkpoints-f6d279d3809d252a
2026-07-05T15:23:13Z,runs/f6d279d3809d252a/checkpoint_step_043000.pt,143382631,uploaded_then_deleted_local,wm-checkpoints-f6d279d3809d252a
2026-07-05T15:23:24Z,runs/f6d279d3809d252a/checkpoint_step_043500.pt,143412135,uploaded_then_deleted_local,wm-checkpoints-f6d279d3809d252a
2026-07-05T15:25:03Z,runs/f6d279d3809d252a/checkpoint_step_044000.pt,143441639,uploaded_then_deleted_local,wm-checkpoints-f6d279d3809d252a
2026-07-05T15:25:10Z,runs/f6d279d3809d252a/checkpoint_step_044500.pt,143471143,uploaded_then_deleted_local,wm-checkpoints-f6d279d3809d252a
2026-07-05T15:25:23Z,runs/f6d279d3809d252a/checkpoint_step_045000.pt,143500647,uploaded_then_deleted_local,wm-checkpoints-f6d279d3809d252a
2026-07-05T15:25:24Z,runs/f6d279d3809d252a/checkpoint_step_045500.pt,143530151,uploaded_then_deleted_local,wm-checkpoints-f6d279d3809d252a
2026-07-05T15:27:02Z,runs/f6d279d3809d252a/checkpoint_step_046000.pt,143559655,uploaded_then_deleted_local,wm-checkpoints-f6d279d3809d252a
2026-07-05T15:27:14Z,runs/f6d279d3809d252a/checkpoint_step_046500.pt,143589159,uploaded_then_deleted_local,wm-checkpoints-f6d279d3809d252a
2026-07-05T15:27:25Z,runs/f6d279d3809d252a/checkpoint_step_047000.pt,143618663,uploaded_then_deleted_local,wm-checkpoints-f6d279d3809d252a
2026-07-05T15:27:27Z,runs/f6d279d3809d252a/checkpoint_step_047500.pt,143648167,uploaded_then_deleted_local,wm-checkpoints-f6d279d3809d252a
2026-07-05T15:29:12Z,runs/f6d279d3809d252a/checkpoint_step_048000.pt,143677671,uploaded_then_deleted_local,wm-checkpoints-f6d279d3809d252a
2026-07-05T15:29:04Z,runs/f6d279d3809d252a/checkpoint_step_048500.pt,143707175,uploaded_then_deleted_local,wm-checkpoints-f6d279d3809d252a
2026-07-05T15:29:20Z,runs/f6d279d3809d252a/checkpoint_step_049000.pt,143736679,uploaded_then_deleted_local,wm-checkpoints-f6d279d3809d252a
2026-07-05T15:29:21Z,runs/f6d279d3809d252a/checkpoint_step_049500.pt,143766183,uploaded_then_deleted_local,wm-checkpoints-f6d279d3809d252a
2026-07-05T15:30:39Z,runs/f6d279d3809d252a/checkpoint_step_050000.pt,143795687,uploaded_then_deleted_local,wm-checkpoints-f6d279d3809d252a
2026-07-05T15:31:03Z,runs/f6d279d3809d252a/checkpoint_step_050500.pt,143825191,uploaded_then_deleted_local,wm-checkpoints-f6d279d3809d252a
2026-07-05T15:31:15Z,runs/f6d279d3809d252a/checkpoint_step_051000.pt,143854695,uploaded_then_deleted_local,wm-checkpoints-f6d279d3809d252a
2026-07-05T15:31:10Z,runs/f6d279d3809d252a/checkpoint_step_051500.pt,143884199,uploaded_then_deleted_local,wm-checkpoints-f6d279d3809d252a
2026-07-05T15:32:28Z,runs/f6d279d3809d252a/checkpoint_step_052000.pt,143913639,uploaded_then_deleted_local,wm-checkpoints-f6d279d3809d252a
2026-07-05T15:33:11Z,runs/f6d279d3809d252a/checkpoint_step_052500.pt,143943143,uploaded_then_deleted_local,wm-checkpoints-f6d279d3809d252a
2026-07-05T15:33:14Z,runs/f6d279d3809d252a/checkpoint_step_053000.pt,143972647,uploaded_then_deleted_local,wm-checkpoints-f6d279d3809d252a
2026-07-05T15:33:21Z,runs/f6d279d3809d252a/checkpoint_step_053500.pt,144002151,uploaded_then_deleted_local,wm-checkpoints-f6d279d3809d252a
2026-07-05T15:34:00Z,runs/f6d279d3809d252a/checkpoint_step_054000.pt,144031655,uploaded_then_deleted_local,wm-checkpoints-f6d279d3809d252a
2026-07-05T15:34:41Z,runs/f6d279d3809d252a/checkpoint_step_054500.pt,144061159,uploaded_then_deleted_local,wm-checkpoints-f6d279d3809d252a
2026-07-05T15:34:57Z,runs/f6d279d3809d252a/checkpoint_step_055000.pt,144090663,uploaded_then_deleted_local,wm-checkpoints-f6d279d3809d252a
2026-07-05T15:35:03Z,runs/f6d279d3809d252a/checkpoint_step_055500.pt,144120167,uploaded_then_deleted_local,wm-checkpoints-f6d279d3809d252a
2026-07-05T15:35:38Z,runs/f6d279d3809d252a/checkpoint_step_056000.pt,144149671,uploaded_then_deleted_local,wm-checkpoints-f6d279d3809d252a
2026-07-05T15:36:29Z,runs/f6d279d3809d252a/checkpoint_step_056500.pt,144179175,uploaded_then_deleted_local,wm-checkpoints-f6d279d3809d252a
2026-07-05T15:36:48Z,runs/f6d279d3809d252a/checkpoint_step_057000.pt,144208679,uploaded_then_deleted_local,wm-checkpoints-f6d279d3809d252a
2026-07-05T15:37:16Z,runs/f6d279d3809d252a/checkpoint_step_057500.pt,144238183,uploaded_then_deleted_local,wm-checkpoints-f6d279d3809d252a
2026-07-05T15:37:35Z,runs/f6d279d3809d252a/checkpoint_step_058000.pt,144267687,uploaded_then_deleted_local,wm-checkpoints-f6d279d3809d252a
2026-07-05T15:38:20Z,runs/f6d279d3809d252a/checkpoint_step_058500.pt,144297191,uploaded_then_deleted_local,wm-checkpoints-f6d279d3809d252a
2026-07-05T15:38:33Z,runs/f6d279d3809d252a/checkpoint_step_059000.pt,144326695,uploaded_then_deleted_local,wm-checkpoints-f6d279d3809d252a
2026-07-05T15:39:01Z,runs/f6d279d3809d252a/checkpoint_step_059500.pt,144356199,uploaded_then_deleted_local,wm-checkpoints-f6d279d3809d252a
2026-07-05T15:39:18Z,runs/f6d279d3809d252a/checkpoint_step_060000.pt,144385703,uploaded_then_deleted_local,wm-checkpoints-f6d279d3809d252a
2026-07-05T15:40:02Z,runs/f6d279d3809d252a/checkpoint_step_060500.pt,144415207,uploaded_then_deleted_local,wm-checkpoints-f6d279d3809d252a
2026-07-05T15:40:15Z,runs/f6d279d3809d252a/checkpoint_step_061000.pt,144444711,uploaded_then_deleted_local,wm-checkpoints-f6d279d3809d252a
2026-07-05T15:40:43Z,runs/f6d279d3809d252a/checkpoint_step_061500.pt,144474215,uploaded_then_deleted_local,wm-checkpoints-f6d279d3809d252a
2026-07-05T15:41:01Z,runs/f6d279d3809d252a/checkpoint_step_062000.pt,144503719,uploaded_then_deleted_local,wm-checkpoints-f6d279d3809d252a
2026-07-05T15:41:49Z,runs/f6d279d3809d252a/checkpoint_step_062500.pt,144533159,uploaded_then_deleted_local,wm-checkpoints-f6d279d3809d252a
2026-07-05T15:42:07Z,runs/f6d279d3809d252a/checkpoint_step_063000.pt,144562663,uploaded_then_deleted_local,wm-checkpoints-f6d279d3809d252a
2026-07-05T15:42:37Z,runs/f6d279d3809d252a/checkpoint_step_063500.pt,144592167,uploaded_then_deleted_local,wm-checkpoints-f6d279d3809d252a
2026-07-05T15:42:55Z,runs/f6d279d3809d252a/checkpoint_step_064000.pt,144621671,uploaded_then_deleted_local,wm-checkpoints-f6d279d3809d252a
2026-07-05T15:44:16Z,runs/f6d279d3809d252a/checkpoint_step_064500.pt,144651175,uploaded_then_deleted_local,wm-checkpoints-f6d279d3809d252a
2026-07-05T15:44:31Z,runs/f6d279d3809d252a/checkpoint_step_065000.pt,144680679,uploaded_then_deleted_local,wm-checkpoints-f6d279d3809d252a
2026-07-05T15:44:40Z,runs/f6d279d3809d252a/checkpoint_step_065500.pt,144710183,uploaded_then_deleted_local,wm-checkpoints-f6d279d3809d252a
2026-07-05T15:45:32Z,runs/f6d279d3809d252a/checkpoint_step_066000.pt,144741543,uploaded_then_deleted_local,wm-checkpoints-f6d279d3809d252a
2026-07-05T15:46:27Z,runs/f6d279d3809d252a/checkpoint_step_066500.pt,144773031,uploaded_then_deleted_local,wm-checkpoints-f6d279d3809d252a
2026-07-05T15:46:48Z,runs/f6d279d3809d252a/checkpoint_step_067000.pt,144804583,uploaded_then_deleted_local,wm-checkpoints-f6d279d3809d252a
2026-07-05T15:46:38Z,runs/f6d279d3809d252a/checkpoint_step_067500.pt,144836071,uploaded_then_deleted_local,wm-checkpoints-f6d279d3809d252a
2026-07-05T15:47:15Z,runs/f6d279d3809d252a/checkpoint_step_068000.pt,144867559,uploaded_then_deleted_local,wm-checkpoints-f6d279d3809d252a
2026-07-05T15:48:25Z,runs/f6d279d3809d252a/checkpoint_step_068500.pt,144899047,uploaded_then_deleted_local,wm-checkpoints-f6d279d3809d252a
2026-07-05T15:48:27Z,runs/f6d279d3809d252a/checkpoint_step_069000.pt,144930535,uploaded_then_deleted_local,wm-checkpoints-f6d279d3809d252a
2026-07-05T15:48:53Z,runs/f6d279d3809d252a/checkpoint_step_069500.pt,144962087,uploaded_then_deleted_local,wm-checkpoints-f6d279d3809d252a
2026-07-05T15:49:08Z,runs/f6d279d3809d252a/checkpoint_step_070000.pt,144993575,uploaded_then_deleted_local,wm-checkpoints-f6d279d3809d252a
2026-07-05T15:50:40Z,runs/f6d279d3809d252a/checkpoint_step_070500.pt,145025063,uploaded_then_deleted_local,wm-checkpoints-f6d279d3809d252a
2026-07-05T15:50:38Z,runs/f6d279d3809d252a/checkpoint_step_071000.pt,145056551,uploaded_then_deleted_local,wm-checkpoints-f6d279d3809d252a
2026-07-05T15:51:05Z,runs/f6d279d3809d252a/checkpoint_step_071500.pt,145088103,uploaded_then_deleted_local,wm-checkpoints-f6d279d3809d252a
2026-07-05T15:51:24Z,runs/f6d279d3809d252a/checkpoint_step_072000.pt,145119591,uploaded_then_deleted_local,wm-checkpoints-f6d279d3809d252a
2026-07-05T15:53:08Z,runs/f6d279d3809d252a/checkpoint_step_072500.pt,145151079,uploaded_then_deleted_local,wm-checkpoints-f6d279d3809d252a
2026-07-05T15:53:24Z,runs/f6d279d3809d252a/checkpoint_step_073000.pt,145182567,uploaded_then_deleted_local,wm-checkpoints-f6d279d3809d252a
2026-07-05T15:53:56Z,runs/f6d279d3809d252a/checkpoint_step_073500.pt,145214055,uploaded_then_deleted_local,wm-checkpoints-f6d279d3809d252a
2026-07-05T15:53:50Z,runs/f6d279d3809d252a/checkpoint_step_074000.pt,145245607,uploaded_then_deleted_local,wm-checkpoints-f6d279d3809d252a
2026-07-05T15:55:05Z,runs/f6d279d3809d252a/checkpoint_step_074500.pt,145277095,uploaded_then_deleted_local,wm-checkpoints-f6d279d3809d252a
2026-07-05T15:55:20Z,runs/f6d279d3809d252a/checkpoint_step_075000.pt,145308583,uploaded_then_deleted_local,wm-checkpoints-f6d279d3809d252a
2026-07-05T15:56:37Z,runs/f6d279d3809d252a/checkpoint_step_075500.pt,145340071,uploaded_then_deleted_local,wm-checkpoints-f6d279d3809d252a
2026-07-05T15:56:08Z,runs/f6d279d3809d252a/checkpoint_step_076000.pt,145371559,uploaded_then_deleted_local,wm-checkpoints-f6d279d3809d252a
2026-07-05T15:57:14Z,runs/f6d279d3809d252a/checkpoint_step_076500.pt,145403111,uploaded_then_deleted_local,wm-checkpoints-f6d279d3809d252a
2026-07-05T15:57:36Z,runs/f6d279d3809d252a/checkpoint_step_077000.pt,145434599,uploaded_then_deleted_local,wm-checkpoints-f6d279d3809d252a
2026-07-05T15:58:02Z,runs/f6d279d3809d252a/checkpoint_step_077500.pt,145466087,uploaded_then_deleted_local,wm-checkpoints-f6d279d3809d252a
2026-07-05T15:58:46Z,runs/f6d279d3809d252a/checkpoint_step_078000.pt,145497575,uploaded_then_deleted_local,wm-checkpoints-f6d279d3809d252a
2026-07-05T15:59:00Z,runs/f6d279d3809d252a/checkpoint_step_078500.pt,145529063,uploaded_then_deleted_local,wm-checkpoints-f6d279d3809d252a
2026-07-05T15:59:20Z,runs/f6d279d3809d252a/checkpoint_step_079000.pt,145560615,uploaded_then_deleted_local,wm-checkpoints-f6d279d3809d252a
2026-07-05T16:00:22Z,runs/f6d279d3809d252a/checkpoint_step_079500.pt,145592103,uploaded_then_deleted_local,wm-checkpoints-f6d279d3809d252a
2026-07-05T16:01:41Z,runs/f6d279d3809d252a/checkpoint_step_080000.pt,145623591,uploaded_then_deleted_local,wm-checkpoints-f6d279d3809d252a
2026-07-05T16:01:40Z,runs/f6d279d3809d252a/checkpoint_step_080500.pt,145655079,uploaded_then_deleted_local,wm-checkpoints-f6d279d3809d252a
2026-07-05T16:01:33Z,runs/f6d279d3809d252a/checkpoint_step_081000.pt,145686567,uploaded_then_deleted_local,wm-checkpoints-f6d279d3809d252a
2026-07-05T16:02:56Z,runs/f6d279d3809d252a/checkpoint_step_081500.pt,145718119,uploaded_then_deleted_local,wm-checkpoints-f6d279d3809d252a
2026-07-05T16:03:49Z,runs/f6d279d3809d252a/checkpoint_step_082000.pt,145749607,uploaded_then_deleted_local,wm-checkpoints-f6d279d3809d252a
2026-07-05T16:04:15Z,runs/f6d279d3809d252a/checkpoint_step_082500.pt,145781095,uploaded_then_deleted_local,wm-checkpoints-f6d279d3809d252a
2026-07-05T16:03:41Z,runs/f6d279d3809d252a/checkpoint_step_083000.pt,145812583,uploaded_then_deleted_local,wm-checkpoints-f6d279d3809d252a
2026-07-05T16:05:09Z,runs/f6d279d3809d252a/checkpoint_step_083500.pt,145844071,uploaded_then_deleted_local,wm-checkpoints-f6d279d3809d252a
2026-07-05T16:04:57Z,runs/f6d279d3809d252a/checkpoint_step_084000.pt,145875623,uploaded_then_deleted_local,wm-checkpoints-f6d279d3809d252a
2026-07-05T16:05:31Z,runs/f6d279d3809d252a/checkpoint_step_084500.pt,145907111,uploaded_then_deleted_local,wm-checkpoints-f6d279d3809d252a
2026-07-05T16:06:31Z,runs/f6d279d3809d252a/checkpoint_step_085000.pt,145938599,uploaded_then_deleted_local,wm-checkpoints-f6d279d3809d252a
2026-07-05T16:07:08Z,runs/f6d279d3809d252a/checkpoint_step_085500.pt,145970087,uploaded_then_deleted_local,wm-checkpoints-f6d279d3809d252a
2026-07-05T16:07:21Z,runs/f6d279d3809d252a/checkpoint_step_086000.pt,146001575,uploaded_then_deleted_local,wm-checkpoints-f6d279d3809d252a
2026-07-05T16:07:55Z,runs/f6d279d3809d252a/checkpoint_step_086500.pt,146033127,uploaded_then_deleted_local,wm-checkpoints-f6d279d3809d252a
2026-07-05T16:08:50Z,runs/f6d279d3809d252a/checkpoint_step_087000.pt,146064615,uploaded_then_deleted_local,wm-checkpoints-f6d279d3809d252a
2026-07-05T16:10:23Z,runs/f6d279d3809d252a/checkpoint_step_087500.pt,146096103,uploaded_then_deleted_local,wm-checkpoints-f6d279d3809d252a
2026-07-05T16:10:31Z,runs/f6d279d3809d252a/checkpoint_step_088000.pt,146127591,uploaded_then_deleted_local,wm-checkpoints-f6d279d3809d252a
2026-07-05T16:10:46Z,runs/f6d279d3809d252a/checkpoint_step_088500.pt,146159079,uploaded_then_deleted_local,wm-checkpoints-f6d279d3809d252a
2026-07-05T16:11:36Z,runs/f6d279d3809d252a/checkpoint_step_089000.pt,146190631,uploaded_then_deleted_local,wm-checkpoints-f6d279d3809d252a
2026-07-05T16:12:30Z,runs/f6d279d3809d252a/checkpoint_step_089500.pt,146222119,uploaded_then_deleted_local,wm-checkpoints-f6d279d3809d252a
2026-07-05T16:12:55Z,runs/f6d279d3809d252a/checkpoint_step_090000.pt,146253607,uploaded_then_deleted_local,wm-checkpoints-f6d279d3809d252a
2026-07-05T16:12:58Z,runs/f6d279d3809d252a/checkpoint_step_090500.pt,146285095,uploaded_then_deleted_local,wm-checkpoints-f6d279d3809d252a
2026-07-05T16:13:52Z,runs/f6d279d3809d252a/checkpoint_step_091000.pt,146316583,uploaded_then_deleted_local,wm-checkpoints-f6d279d3809d252a
2026-07-05T16:15:04Z,runs/f6d279d3809d252a/checkpoint_step_091500.pt,146348135,uploaded_then_deleted_local,wm-checkpoints-f6d279d3809d252a
2026-07-05T16:15:35Z,runs/f6d279d3809d252a/checkpoint_step_092000.pt,146379623,uploaded_then_deleted_local,wm-checkpoints-f6d279d3809d252a
2026-07-05T16:15:00Z,runs/f6d279d3809d252a/checkpoint_step_092500.pt,146411111,uploaded_then_deleted_local,wm-checkpoints-f6d279d3809d252a
2026-07-05T16:15:37Z,runs/f6d279d3809d252a/checkpoint_step_093000.pt,146442599,uploaded_then_deleted_local,wm-checkpoints-f6d279d3809d252a
2026-07-05T16:17:08Z,runs/f6d279d3809d252a/checkpoint_step_093500.pt,146474087,uploaded_then_deleted_local,wm-checkpoints-f6d279d3809d252a
2026-07-05T16:17:10Z,runs/f6d279d3809d252a/checkpoint_step_094000.pt,146505639,uploaded_then_deleted_local,wm-checkpoints-f6d279d3809d252a
2026-07-05T16:17:45Z,runs/f6d279d3809d252a/checkpoint_step_094500.pt,146537127,uploaded_then_deleted_local,wm-checkpoints-f6d279d3809d252a
2026-07-05T16:17:45Z,runs/f6d279d3809d252a/checkpoint_step_095000.pt,146568615,uploaded_then_deleted_local,wm-checkpoints-f6d279d3809d252a
2026-07-05T16:19:21Z,runs/f6d279d3809d252a/checkpoint_step_095500.pt,146600103,uploaded_then_deleted_local,wm-checkpoints-f6d279d3809d252a
2026-07-05T16:19:06Z,runs/f6d279d3809d252a/checkpoint_step_096000.pt,146631591,uploaded_then_deleted_local,wm-checkpoints-f6d279d3809d252a
2026-07-05T16:19:43Z,runs/f6d279d3809d252a/checkpoint_step_096500.pt,146663143,uploaded_then_deleted_local,wm-checkpoints-f6d279d3809d252a
2026-07-05T16:20:12Z,runs/f6d279d3809d252a/checkpoint_step_097000.pt,146694631,uploaded_then_deleted_local,wm-checkpoints-f6d279d3809d252a
2026-07-05T16:20:51Z,runs/f6d279d3809d252a/checkpoint_step_097500.pt,146726119,uploaded_then_deleted_local,wm-checkpoints-f6d279d3809d252a
2026-07-05T16:21:44Z,runs/f6d279d3809d252a/checkpoint_step_098000.pt,146757607,uploaded_then_deleted_local,wm-checkpoints-f6d279d3809d252a
2026-07-05T16:22:07Z,runs/f6d279d3809d252a/checkpoint_step_098500.pt,146789095,uploaded_then_deleted_local,wm-checkpoints-f6d279d3809d252a
2026-07-05T16:22:48Z,runs/f6d279d3809d252a/checkpoint_step_099000.pt,146820647,uploaded_then_deleted_local,wm-checkpoints-f6d279d3809d252a
2026-07-05T16:23:06Z,runs/f6d279d3809d252a/checkpoint_step_099500.pt,146852135,uploaded_then_deleted_local,wm-checkpoints-f6d279d3809d252a
2026-07-05T16:24:17Z,runs/f6d279d3809d252a/checkpoint_step_100000.pt,146883623,uploaded_then_deleted_local,wm-checkpoints-f6d279d3809d252a
2026-07-05T16:24:40Z,runs/f6d279d3809d252a/checkpoint_step_100500.pt,146915111,uploaded_then_deleted_local,wm-checkpoints-f6d279d3809d252a
2026-07-05T16:25:26Z,runs/f6d279d3809d252a/checkpoint_step_101000.pt,146946599,uploaded_then_deleted_local,wm-checkpoints-f6d279d3809d252a
2026-07-05T16:26:00Z,runs/f6d279d3809d252a/checkpoint_step_101500.pt,146978151,uploaded_then_deleted_local,wm-checkpoints-f6d279d3809d252a
2026-07-05T16:26:35Z,runs/f6d279d3809d252a/checkpoint_step_102000.pt,147009639,uploaded_then_deleted_local,wm-checkpoints-f6d279d3809d252a
2026-07-05T16:27:03Z,runs/f6d279d3809d252a/checkpoint_step_102500.pt,147041127,uploaded_then_deleted_local,wm-checkpoints-f6d279d3809d252a
2026-07-05T16:28:11Z,runs/f6d279d3809d252a/checkpoint_step_103000.pt,147072615,uploaded_then_deleted_local,wm-checkpoints-f6d279d3809d252a
2026-07-05T16:28:34Z,runs/f6d279d3809d252a/checkpoint_step_103500.pt,147104167,uploaded_then_deleted_local,wm-checkpoints-f6d279d3809d252a
2026-07-05T16:29:18Z,runs/f6d279d3809d252a/checkpoint_step_104000.pt,147135655,uploaded_then_deleted_local,wm-checkpoints-f6d279d3809d252a
2026-07-05T16:29:28Z,runs/f6d279d3809d252a/checkpoint_step_104500.pt,147167143,uploaded_then_deleted_local,wm-checkpoints-f6d279d3809d252a
2026-07-05T16:29:55Z,runs/f6d279d3809d252a/checkpoint_step_105000.pt,147198631,uploaded_then_deleted_local,wm-checkpoints-f6d279d3809d252a
2026-07-05T16:29:57Z,runs/f6d279d3809d252a/checkpoint_step_105500.pt,147230119,uploaded_then_deleted_local,wm-checkpoints-f6d279d3809d252a
2026-07-05T16:30:56Z,runs/f6d279d3809d252a/checkpoint_step_106000.pt,147261671,uploaded_then_deleted_local,wm-checkpoints-f6d279d3809d252a
2026-07-05T16:31:15Z,runs/f6d279d3809d252a/checkpoint_step_106500.pt,147293159,uploaded_then_deleted_local,wm-checkpoints-f6d279d3809d252a
2026-07-05T16:31:01Z,runs/f6d279d3809d252a/checkpoint_step_107000.pt,147324647,uploaded_then_deleted_local,wm-checkpoints-f6d279d3809d252a
2026-07-05T16:31:35Z,runs/f6d279d3809d252a/checkpoint_step_107500.pt,147356135,uploaded_then_deleted_local,wm-checkpoints-f6d279d3809d252a
2026-07-05T16:33:00Z,runs/f6d279d3809d252a/checkpoint_step_108000.pt,147387623,uploaded_then_deleted_local,wm-checkpoints-f6d279d3809d252a
2026-07-05T16:33:20Z,runs/f6d279d3809d252a/checkpoint_step_108500.pt,147419175,uploaded_then_deleted_local,wm-checkpoints-f6d279d3809d252a
2026-07-05T16:33:33Z,runs/f6d279d3809d252a/checkpoint_step_109000.pt,147450663,uploaded_then_deleted_local,wm-checkpoints-f6d279d3809d252a
2026-07-05T16:33:57Z,runs/f6d279d3809d252a/checkpoint_step_109500.pt,147482151,uploaded_then_deleted_local,wm-checkpoints-f6d279d3809d252a
2026-07-05T16:34:24Z,runs/f6d279d3809d252a/checkpoint_step_110000.pt,147513639,uploaded_then_deleted_local,wm-checkpoints-f6d279d3809d252a
2026-07-05T16:34:49Z,runs/f6d279d3809d252a/checkpoint_step_110500.pt,147545127,uploaded_then_deleted_local,wm-checkpoints-f6d279d3809d252a
2026-07-05T16:34:55Z,runs/f6d279d3809d252a/checkpoint_step_111000.pt,147576679,uploaded_then_deleted_local,wm-checkpoints-f6d279d3809d252a
2026-07-05T16:35:21Z,runs/f6d279d3809d252a/checkpoint_step_111500.pt,147608167,uploaded_then_deleted_local,wm-checkpoints-f6d279d3809d252a
2026-07-05T16:36:22Z,runs/f6d279d3809d252a/checkpoint_step_112000.pt,147639655,uploaded_then_deleted_local,wm-checkpoints-f6d279d3809d252a
2026-07-05T16:36:48Z,runs/f6d279d3809d252a/checkpoint_step_112500.pt,147671143,uploaded_then_deleted_local,wm-checkpoints-f6d279d3809d252a
2026-07-05T16:36:49Z,runs/f6d279d3809d252a/checkpoint_step_113000.pt,147702631,uploaded_then_deleted_local,wm-checkpoints-f6d279d3809d252a
2026-07-05T16:37:42Z,runs/f6d279d3809d252a/checkpoint_step_113500.pt,147734183,uploaded_then_deleted_local,wm-checkpoints-f6d279d3809d252a
2026-07-05T16:37:52Z,runs/f6d279d3809d252a/checkpoint_step_114000.pt,147765671,uploaded_then_deleted_local,wm-checkpoints-f6d279d3809d252a
2026-07-05T16:38:34Z,runs/f6d279d3809d252a/checkpoint_step_114500.pt,147797159,uploaded_then_deleted_local,wm-checkpoints-f6d279d3809d252a
2026-07-05T16:38:35Z,runs/f6d279d3809d252a/checkpoint_step_115000.pt,147828647,uploaded_then_deleted_local,wm-checkpoints-f6d279d3809d252a
2026-07-05T16:39:15Z,runs/f6d279d3809d252a/checkpoint_step_115500.pt,147860135,uploaded_then_deleted_local,wm-checkpoints-f6d279d3809d252a
2026-07-05T16:39:24Z,runs/f6d279d3809d252a/checkpoint_step_116000.pt,147891687,uploaded_then_deleted_local,wm-checkpoints-f6d279d3809d252a
2026-07-05T16:40:22Z,runs/f6d279d3809d252a/checkpoint_step_116500.pt,147923175,uploaded_then_deleted_local,wm-checkpoints-f6d279d3809d252a
2026-07-05T16:40:15Z,runs/f6d279d3809d252a/checkpoint_step_117000.pt,147954663,uploaded_then_deleted_local,wm-checkpoints-f6d279d3809d252a
2026-07-05T16:41:41Z,runs/f6d279d3809d252a/checkpoint_step_117500.pt,147986151,uploaded_then_deleted_local,wm-checkpoints-f6d279d3809d252a
2026-07-05T16:42:34Z,runs/f6d279d3809d252a/checkpoint_step_118000.pt,148017639,uploaded_then_deleted_local,wm-checkpoints-f6d279d3809d252a
2026-07-05T16:42:47Z,runs/f6d279d3809d252a/checkpoint_step_118500.pt,148049191,uploaded_then_deleted_local,wm-checkpoints-f6d279d3809d252a
2026-07-05T16:42:50Z,runs/f6d279d3809d252a/checkpoint_step_119000.pt,148080679,uploaded_then_deleted_local,wm-checkpoints-f6d279d3809d252a
2026-07-05T16:44:08Z,runs/f6d279d3809d252a/checkpoint_step_119500.pt,148112167,uploaded_then_deleted_local,wm-checkpoints-f6d279d3809d252a
2026-07-05T16:44:50Z,runs/f6d279d3809d252a/checkpoint_step_120000.pt,148143655,uploaded_then_deleted_local,wm-checkpoints-f6d279d3809d252a
2026-07-05T16:44:27Z,runs/f6d279d3809d252a/checkpoint_step_120500.pt,148175143,uploaded_then_deleted_local,wm-checkpoints-f6d279d3809d252a
2026-07-05T16:45:58Z,runs/f6d279d3809d252a/checkpoint_step_121000.pt,148206695,uploaded_then_deleted_local,wm-checkpoints-f6d279d3809d252a
2026-07-05T16:46:16Z,runs/f6d279d3809d252a/checkpoint_step_121500.pt,148238183,uploaded_then_deleted_local,wm-checkpoints-f6d279d3809d252a
2026-07-05T16:46:38Z,runs/f6d279d3809d252a/checkpoint_step_122000.pt,148269671,uploaded_then_deleted_local,wm-checkpoints-f6d279d3809d252a
2026-07-05T16:47:19Z,runs/f6d279d3809d252a/checkpoint_step_122500.pt,148301159,uploaded_then_deleted_local,wm-checkpoints-f6d279d3809d252a
2026-07-05T16:49:04Z,runs/f6d279d3809d252a/checkpoint_step_123000.pt,148332647,uploaded_then_deleted_local,wm-checkpoints-f6d279d3809d252a
2026-07-05T16:49:23Z,runs/f6d279d3809d252a/checkpoint_step_123500.pt,148364199,uploaded_then_deleted_local,wm-checkpoints-f6d279d3809d252a
2026-07-05T16:49:51Z,runs/f6d279d3809d252a/checkpoint_step_124000.pt,148395687,uploaded_then_deleted_local,wm-checkpoints-f6d279d3809d252a
2026-07-05T16:50:10Z,runs/f6d279d3809d252a/checkpoint_step_124500.pt,148427175,uploaded_then_deleted_local,wm-checkpoints-f6d279d3809d252a
2026-07-05T16:52:56Z,runs/f6d279d3809d252a/checkpoint_step_125000.pt,148458663,uploaded_then_deleted_local,wm-checkpoints-f6d279d3809d252a
2026-07-05T16:52:05Z,runs/f6d279d3809d252a/checkpoint_step_125500.pt,148490151,uploaded_then_deleted_local,wm-checkpoints-f6d279d3809d252a
2026-07-05T16:52:01Z,runs/f6d279d3809d252a/checkpoint_step_126000.pt,148521703,uploaded_then_deleted_local,wm-checkpoints-f6d279d3809d252a
2026-07-05T16:53:13Z,runs/f6d279d3809d252a/checkpoint_step_126500.pt,148553191,uploaded_then_deleted_local,wm-checkpoints-f6d279d3809d252a
2026-07-05T16:53:54Z,runs/f6d279d3809d252a/checkpoint_step_127000.pt,148584679,uploaded_then_deleted_local,wm-checkpoints-f6d279d3809d252a
2026-07-05T16:55:12Z,runs/f6d279d3809d252a/checkpoint_step_127500.pt,148616167,uploaded_then_deleted_local,wm-checkpoints-f6d279d3809d252a
2026-07-05T16:54:35Z,runs/f6d279d3809d252a/checkpoint_step_128000.pt,148647655,uploaded_then_deleted_local,wm-checkpoints-f6d279d3809d252a
2026-07-05T16:55:28Z,runs/f6d279d3809d252a/checkpoint_step_128500.pt,148679207,uploaded_then_deleted_local,wm-checkpoints-f6d279d3809d252a
2026-07-05T16:55:05Z,runs/f6d279d3809d252a/checkpoint_step_129000.pt,148710695,uploaded_then_deleted_local,wm-checkpoints-f6d279d3809d252a
2026-07-05T16:57:03Z,runs/f6d279d3809d252a/checkpoint_step_129500.pt,148742183,uploaded_then_deleted_local,wm-checkpoints-f6d279d3809d252a
2026-07-05T16:56:55Z,runs/f6d279d3809d252a/checkpoint_step_130000.pt,148773671,uploaded_then_deleted_local,wm-checkpoints-f6d279d3809d252a
2026-07-05T16:57:19Z,runs/f6d279d3809d252a/checkpoint_step_130500.pt,148805159,uploaded_then_deleted_local,wm-checkpoints-f6d279d3809d252a
2026-07-05T16:57:11Z,runs/f6d279d3809d252a/checkpoint_step_131000.pt,148836711,uploaded_then_deleted_local,wm-checkpoints-f6d279d3809d252a
2026-07-05T16:59:16Z,runs/f6d279d3809d252a/checkpoint_step_131500.pt,148868199,uploaded_then_deleted_local,wm-checkpoints-f6d279d3809d252a
2026-07-05T16:59:24Z,runs/f6d279d3809d252a/checkpoint_step_132000.pt,148899687,uploaded_then_deleted_local,wm-checkpoints-f6d279d3809d252a
2026-07-05T16:59:00Z,runs/f6d279d3809d252a/checkpoint_step_132500.pt,148931175,uploaded_then_deleted_local,wm-checkpoints-f6d279d3809d252a
2026-07-05T16:59:18Z,runs/f6d279d3809d252a/checkpoint_step_133000.pt,148962663,uploaded_then_deleted_local,wm-checkpoints-f6d279d3809d252a
2026-07-05T17:00:55Z,runs/f6d279d3809d252a/checkpoint_step_133500.pt,148994215,uploaded_then_deleted_local,wm-checkpoints-f6d279d3809d252a
2026-07-05T17:01:02Z,runs/f6d279d3809d252a/checkpoint_step_134000.pt,149025703,uploaded_then_deleted_local,wm-checkpoints-f6d279d3809d252a
2026-07-05T17:01:14Z,runs/f6d279d3809d252a/checkpoint_step_134500.pt,149057191,uploaded_then_deleted_local,wm-checkpoints-f6d279d3809d252a
2026-07-05T17:01:11Z,runs/f6d279d3809d252a/checkpoint_step_135000.pt,149088679,uploaded_then_deleted_local,wm-checkpoints-f6d279d3809d252a
2026-07-05T17:03:07Z,runs/f6d279d3809d252a/checkpoint_step_135500.pt,149120231,uploaded_then_deleted_local,wm-checkpoints-f6d279d3809d252a
2026-07-05T17:03:30Z,runs/f6d279d3809d252a/checkpoint_step_136000.pt,149151719,uploaded_then_deleted_local,wm-checkpoints-f6d279d3809d252a
2026-07-05T17:03:45Z,runs/f6d279d3809d252a/checkpoint_step_136500.pt,149183207,uploaded_then_deleted_local,wm-checkpoints-f6d279d3809d252a
2026-07-05T17:03:40Z,runs/f6d279d3809d252a/checkpoint_step_137000.pt,149214695,uploaded_then_deleted_local,wm-checkpoints-f6d279d3809d252a
2026-07-05T17:05:30Z,runs/f6d279d3809d252a/checkpoint_step_137500.pt,149246183,uploaded_then_deleted_local,wm-checkpoints-f6d279d3809d252a
2026-07-05T17:05:52Z,runs/f6d279d3809d252a/checkpoint_step_138000.pt,149277735,uploaded_then_deleted_local,wm-checkpoints-f6d279d3809d252a
2026-07-05T17:05:53Z,runs/f6d279d3809d252a/checkpoint_step_138500.pt,149309223,uploaded_then_deleted_local,wm-checkpoints-f6d279d3809d252a
2026-07-05T17:05:51Z,runs/f6d279d3809d252a/checkpoint_step_139000.pt,149340711,uploaded_then_deleted_local,wm-checkpoints-f6d279d3809d252a
2026-07-05T17:07:27Z,runs/f6d279d3809d252a/checkpoint_step_139500.pt,149372199,uploaded_then_deleted_local,wm-checkpoints-f6d279d3809d252a
2026-07-05T17:08:15Z,runs/f6d279d3809d252a/checkpoint_step_140000.pt,149403687,uploaded_then_deleted_local,wm-checkpoints-f6d279d3809d252a
2026-07-05T17:08:00Z,runs/f6d279d3809d252a/checkpoint_step_140500.pt,149435239,uploaded_then_deleted_local,wm-checkpoints-f6d279d3809d252a
2026-07-05T17:08:21Z,runs/f6d279d3809d252a/checkpoint_step_141000.pt,149466727,uploaded_then_deleted_local,wm-checkpoints-f6d279d3809d252a
2026-07-05T17:10:20Z,runs/f6d279d3809d252a/checkpoint_step_141500.pt,149498215,uploaded_then_deleted_local,wm-checkpoints-f6d279d3809d252a
2026-07-05T17:10:38Z,runs/f6d279d3809d252a/checkpoint_step_142000.pt,149529703,uploaded_then_deleted_local,wm-checkpoints-f6d279d3809d252a
2026-07-05T17:10:53Z,runs/f6d279d3809d252a/checkpoint_step_142500.pt,149561191,uploaded_then_deleted_local,wm-checkpoints-f6d279d3809d252a
2026-07-05T17:10:29Z,runs/f6d279d3809d252a/checkpoint_step_143000.pt,149592743,uploaded_then_deleted_local,wm-checkpoints-f6d279d3809d252a
2026-07-05T17:12:26Z,runs/f6d279d3809d252a/checkpoint_step_143500.pt,149624231,uploaded_then_deleted_local,wm-checkpoints-f6d279d3809d252a
2026-07-05T17:13:24Z,runs/f6d279d3809d252a/checkpoint_step_144000.pt,149655719,uploaded_then_deleted_local,wm-checkpoints-f6d279d3809d252a
2026-07-05T17:13:15Z,runs/f6d279d3809d252a/checkpoint_step_144500.pt,149687207,uploaded_then_deleted_local,wm-checkpoints-f6d279d3809d252a
2026-07-05T17:13:29Z,runs/f6d279d3809d252a/checkpoint_step_145000.pt,149718695,uploaded_then_deleted_local,wm-checkpoints-f6d279d3809d252a
2026-07-05T17:14:43Z,runs/f6d279d3809d252a/checkpoint_step_145500.pt,149750247,uploaded_then_deleted_local,wm-checkpoints-f6d279d3809d252a
2026-07-05T17:16:07Z,runs/f6d279d3809d252a/checkpoint_step_146000.pt,149781735,uploaded_then_deleted_local,wm-checkpoints-f6d279d3809d252a
2026-07-05T17:15:43Z,runs/f6d279d3809d252a/checkpoint_step_146500.pt,149813223,uploaded_then_deleted_local,wm-checkpoints-f6d279d3809d252a
2026-07-05T17:16:23Z,runs/f6d279d3809d252a/checkpoint_step_147000.pt,149844711,uploaded_then_deleted_local,wm-checkpoints-f6d279d3809d252a
2026-07-05T17:16:59Z,runs/f6d279d3809d252a/checkpoint_step_147500.pt,149876199,uploaded_then_deleted_local,wm-checkpoints-f6d279d3809d252a
2026-07-05T17:17:28Z,runs/f6d279d3809d252a/checkpoint_step_148000.pt,149907751,uploaded_then_deleted_local,wm-checkpoints-f6d279d3809d252a
2026-07-05T17:18:00Z,runs/f6d279d3809d252a/checkpoint_step_148500.pt,149939239,uploaded_then_deleted_local,wm-checkpoints-f6d279d3809d252a
2026-07-05T17:18:12Z,runs/f6d279d3809d252a/checkpoint_step_149000.pt,149970727,uploaded_then_deleted_local,wm-checkpoints-f6d279d3809d252a
